repeat,query_id,store,strategy,metric,semantic_weight,skills_weight,chroma_space,top_k,candidate_pool,latency_ms,precision_at_k,recall_at_k,ndcg_at_k
1,cv_01,chroma,semantic,cosine,,,cosine,5,10,5.329707986675203,0.4,1.0,0.944847956559586
1,cv_02,chroma,semantic,cosine,,,cosine,5,10,2.051916962955147,0.4,1.0,0.9639404333166532
1,cv_03,chroma,semantic,cosine,,,cosine,5,10,3.478166996501386,0.4,1.0,0.9327783893101107
1,cv_04,chroma,semantic,cosine,,,cosine,5,10,1.8869159976020455,0.4,1.0,1.0
1,cv_05,chroma,semantic,cosine,,,cosine,5,10,1.8734579789452255,0.2,0.5,0.8262346571285599
1,cv_06,chroma,semantic,cosine,,,cosine,5,10,1.541875011753291,0.2,0.5,0.8262346571285599
1,cv_07,chroma,semantic,cosine,,,cosine,5,10,1.401917019393295,0.2,1.0,0.6309297535714575
1,cv_08,chroma,semantic,cosine,,,cosine,5,10,2.1487920312210917,0.2,1.0,1.0
1,cv_09,chroma,semantic,cosine,,,cosine,5,10,1.5555410063825548,0.4,1.0,0.9327783893101107
1,cv_10,chroma,semantic,cosine,,,cosine,5,10,1.4212910318747163,0.4,1.0,1.0
1,cv_11,chroma,semantic,cosine,,,cosine,5,10,1.562583027407527,0.2,0.5,0.6131471927654584
1,cv_12,chroma,semantic,cosine,,,cosine,5,10,1.6525000100955367,0.4,1.0,1.0
1,cv_13,chroma,semantic,cosine,,,cosine,5,10,1.8007499747909606,0.2,1.0,1.0
1,cv_14,chroma,semantic,cosine,,,cosine,5,10,1.577833027113229,0.2,0.5,0.8262346571285599
1,cv_15,chroma,semantic,cosine,,,cosine,5,10,1.497749995905906,0.2,1.0,1.0
1,cv_16,chroma,semantic,cosine,,,cosine,5,10,2.0090420148335397,0.4,1.0,1.0
1,cv_17,chroma,semantic,cosine,,,cosine,5,10,1.8559159943833947,0.4,1.0,0.9639404333166532
1,cv_18,chroma,semantic,cosine,,,cosine,5,10,1.6084579983726144,0.4,1.0,0.944847956559586
1,cv_19,chroma,semantic,cosine,,,cosine,5,10,1.393625047057867,0.2,1.0,1.0
1,cv_20,chroma,semantic,cosine,,,cosine,5,10,1.9141249940730631,0.2,1.0,1.0
1,cv_21,chroma,semantic,cosine,,,cosine,5,10,2.33720795949921,0.0,0.0,0.0
1,cv_22,chroma,semantic,cosine,,,cosine,5,10,1.4761249767616391,0.4,1.0,1.0
1,cv_23,chroma,semantic,cosine,,,cosine,5,10,1.7818750347942114,0.2,1.0,1.0
1,cv_24,chroma,semantic,cosine,,,cosine,5,10,2.9860830400139093,0.2,0.5,0.6131471927654584
1,cv_25,chroma,semantic,cosine,,,cosine,5,10,1.6930000274442136,0.2,1.0,1.0
1,cv_26,chroma,semantic,cosine,,,cosine,5,10,1.457583042792976,0.2,1.0,1.0
1,cv_27,chroma,semantic,cosine,,,cosine,5,10,2.000791020691395,0.2,0.5,0.8262346571285599
1,cv_28,chroma,semantic,cosine,,,cosine,5,10,1.469292037654668,0.2,1.0,1.0
1,cv_29,chroma,semantic,cosine,,,cosine,5,10,1.567667000927031,0.2,1.0,0.5
1,cv_30,chroma,semantic,cosine,,,cosine,5,10,1.4140830026008189,0.2,1.0,1.0
1,cv_01,chroma,semantic,euclidean,,,cosine,5,10,1.9709590123966336,0.4,1.0,0.944847956559586
1,cv_02,chroma,semantic,euclidean,,,cosine,5,10,1.9112920272164047,0.4,1.0,0.9639404333166532
1,cv_03,chroma,semantic,euclidean,,,cosine,5,10,2.078082994557917,0.4,1.0,0.9327783893101107
1,cv_04,chroma,semantic,euclidean,,,cosine,5,10,1.6164170228876173,0.4,1.0,1.0
1,cv_05,chroma,semantic,euclidean,,,cosine,5,10,1.659583009313792,0.2,0.5,0.8262346571285599
1,cv_06,chroma,semantic,euclidean,,,cosine,5,10,5.772417003754526,0.2,0.5,0.8262346571285599
1,cv_07,chroma,semantic,euclidean,,,cosine,5,10,2.726125007029623,0.2,1.0,0.6309297535714575
1,cv_08,chroma,semantic,euclidean,,,cosine,5,10,1.6064170049503446,0.2,1.0,1.0
1,cv_09,chroma,semantic,euclidean,,,cosine,5,10,2.251415979117155,0.4,1.0,0.9327783893101107
1,cv_10,chroma,semantic,euclidean,,,cosine,5,10,1.5509999939240515,0.4,1.0,1.0
1,cv_11,chroma,semantic,euclidean,,,cosine,5,10,3.184082976076752,0.2,0.5,0.6131471927654584
1,cv_12,chroma,semantic,euclidean,,,cosine,5,10,2.107375010382384,0.4,1.0,1.0
1,cv_13,chroma,semantic,euclidean,,,cosine,5,10,1.7524159629829228,0.2,1.0,1.0
1,cv_14,chroma,semantic,euclidean,,,cosine,5,10,2.271625038702041,0.2,0.5,0.8262346571285599
1,cv_15,chroma,semantic,euclidean,,,cosine,5,10,2.0788750261999667,0.2,1.0,1.0
1,cv_16,chroma,semantic,euclidean,,,cosine,5,10,1.469917013309896,0.4,1.0,1.0
1,cv_17,chroma,semantic,euclidean,,,cosine,5,10,1.3694590306840837,0.4,1.0,0.9639404333166532
1,cv_18,chroma,semantic,euclidean,,,cosine,5,10,1.6405410133302212,0.4,1.0,0.944847956559586
1,cv_19,chroma,semantic,euclidean,,,cosine,5,10,1.8395419465377927,0.2,1.0,1.0
1,cv_20,chroma,semantic,euclidean,,,cosine,5,10,1.401166955474764,0.2,1.0,1.0
1,cv_21,chroma,semantic,euclidean,,,cosine,5,10,1.4274159912019968,0.0,0.0,0.0
1,cv_22,chroma,semantic,euclidean,,,cosine,5,10,0.9572500130161643,0.4,1.0,1.0
1,cv_23,chroma,semantic,euclidean,,,cosine,5,10,0.6284159608185291,0.2,1.0,1.0
1,cv_24,chroma,semantic,euclidean,,,cosine,5,10,3.2879170030355453,0.2,0.5,0.6131471927654584
1,cv_25,chroma,semantic,euclidean,,,cosine,5,10,1.5203329967334867,0.2,1.0,1.0
1,cv_26,chroma,semantic,euclidean,,,cosine,5,10,1.5367500018328428,0.2,1.0,1.0
1,cv_27,chroma,semantic,euclidean,,,cosine,5,10,4.0995419840328395,0.2,0.5,0.8262346571285599
1,cv_28,chroma,semantic,euclidean,,,cosine,5,10,1.9097919575870037,0.2,1.0,1.0
1,cv_29,chroma,semantic,euclidean,,,cosine,5,10,1.6913749859668314,0.2,1.0,0.5
1,cv_30,chroma,semantic,euclidean,,,cosine,5,10,1.7599170096218586,0.2,1.0,1.0
1,cv_01,chroma,multimodal,cosine,0.8,0.19999999999999996,cosine,5,10,1.5683749807067215,0.4,1.0,0.9639404333166532
1,cv_02,chroma,multimodal,cosine,0.8,0.19999999999999996,cosine,5,10,1.8665840034373105,0.4,1.0,0.9639404333166532
1,cv_03,chroma,multimodal,cosine,0.8,0.19999999999999996,cosine,5,10,1.9728750339709222,0.4,1.0,0.9327783893101107
1,cv_04,chroma,multimodal,cosine,0.8,0.19999999999999996,cosine,5,10,1.7111250199377537,0.4,1.0,1.0
1,cv_05,chroma,multimodal,cosine,0.8,0.19999999999999996,cosine,5,10,1.5336250071413815,0.2,0.5,0.8262346571285599
1,cv_06,chroma,multimodal,cosine,0.8,0.19999999999999996,cosine,5,10,1.8294169567525387,0.2,0.5,0.8262346571285599
1,cv_07,chroma,multimodal,cosine,0.8,0.19999999999999996,cosine,5,10,1.4479579986073077,0.2,1.0,0.6309297535714575
1,cv_08,chroma,multimodal,cosine,0.8,0.19999999999999996,cosine,5,10,1.4192499802447855,0.2,1.0,1.0
1,cv_09,chroma,multimodal,cosine,0.8,0.19999999999999996,cosine,5,10,3.873625013511628,0.4,1.0,0.9327783893101107
1,cv_10,chroma,multimodal,cosine,0.8,0.19999999999999996,cosine,5,10,1.6392910038121045,0.4,1.0,1.0
1,cv_11,chroma,multimodal,cosine,0.8,0.19999999999999996,cosine,5,10,1.6622080001980066,0.2,0.5,0.6131471927654584
1,cv_12,chroma,multimodal,cosine,0.8,0.19999999999999996,cosine,5,10,1.6384590417146683,0.4,1.0,1.0
1,cv_13,chroma,multimodal,cosine,0.8,0.19999999999999996,cosine,5,10,1.8722499953582883,0.2,1.0,1.0
1,cv_14,chroma,multimodal,cosine,0.8,0.19999999999999996,cosine,5,10,1.4857500209473073,0.4,1.0,1.0
1,cv_15,chroma,multimodal,cosine,0.8,0.19999999999999996,cosine,5,10,1.8537500291131437,0.2,1.0,1.0
1,cv_16,chroma,multimodal,cosine,0.8,0.19999999999999996,cosine,5,10,1.869790954515338,0.4,1.0,1.0
1,cv_17,chroma,multimodal,cosine,0.8,0.19999999999999996,cosine,5,10,1.4717080048285425,0.4,1.0,1.0
1,cv_18,chroma,multimodal,cosine,0.8,0.19999999999999996,cosine,5,10,1.5957499854266644,0.4,1.0,1.0
1,cv_19,chroma,multimodal,cosine,0.8,0.19999999999999996,cosine,5,10,1.6867920057848096,0.2,1.0,1.0
1,cv_20,chroma,multimodal,cosine,0.8,0.19999999999999996,cosine,5,10,1.8933749524876475,0.2,1.0,1.0
1,cv_21,chroma,multimodal,cosine,0.8,0.19999999999999996,cosine,5,10,0.9318329975940287,0.2,1.0,0.38685280723454163
1,cv_22,chroma,multimodal,cosine,0.8,0.19999999999999996,cosine,5,10,1.5685409889556468,0.4,1.0,1.0
1,cv_23,chroma,multimodal,cosine,0.8,0.19999999999999996,cosine,5,10,2.1046249894425273,0.2,1.0,1.0
1,cv_24,chroma,multimodal,cosine,0.8,0.19999999999999996,cosine,5,10,1.5472500235773623,0.2,0.5,0.6131471927654584
1,cv_25,chroma,multimodal,cosine,0.8,0.19999999999999996,cosine,5,10,1.4964159927330911,0.2,1.0,1.0
1,cv_26,chroma,multimodal,cosine,0.8,0.19999999999999996,cosine,5,10,2.124292019288987,0.2,1.0,1.0
1,cv_27,chroma,multimodal,cosine,0.8,0.19999999999999996,cosine,5,10,1.7455000197514892,0.2,0.5,0.8262346571285599
1,cv_28,chroma,multimodal,cosine,0.8,0.19999999999999996,cosine,5,10,1.4706249930895865,0.2,1.0,1.0
1,cv_29,chroma,multimodal,cosine,0.8,0.19999999999999996,cosine,5,10,1.5192920109257102,0.2,1.0,0.5
1,cv_30,chroma,multimodal,cosine,0.8,0.19999999999999996,cosine,5,10,1.7441670061089098,0.2,1.0,1.0
1,cv_01,chroma,multimodal,cosine,0.7,0.30000000000000004,cosine,5,10,1.7368749831803143,0.4,1.0,0.9639404333166532
1,cv_02,chroma,multimodal,cosine,0.7,0.30000000000000004,cosine,5,10,2.1545420167967677,0.4,1.0,0.9639404333166532
1,cv_03,chroma,multimodal,cosine,0.7,0.30000000000000004,cosine,5,10,1.856874965596944,0.4,1.0,0.9327783893101107
1,cv_04,chroma,multimodal,cosine,0.7,0.30000000000000004,cosine,5,10,1.7126249731518328,0.4,1.0,0.944847956559586
1,cv_05,chroma,multimodal,cosine,0.7,0.30000000000000004,cosine,5,10,2.2542920196428895,0.2,0.5,0.8262346571285599
1,cv_06,chroma,multimodal,cosine,0.7,0.30000000000000004,cosine,5,10,1.6290000057779253,0.2,0.5,0.8262346571285599
1,cv_07,chroma,multimodal,cosine,0.7,0.30000000000000004,cosine,5,10,2.616457990370691,0.2,1.0,0.6309297535714575
1,cv_08,chroma,multimodal,cosine,0.7,0.30000000000000004,cosine,5,10,2.415292023215443,0.2,1.0,1.0
1,cv_09,chroma,multimodal,cosine,0.7,0.30000000000000004,cosine,5,10,1.441667031031102,0.4,1.0,0.9327783893101107
1,cv_10,chroma,multimodal,cosine,0.7,0.30000000000000004,cosine,5,10,1.3950829743407667,0.4,1.0,1.0
1,cv_11,chroma,multimodal,cosine,0.7,0.30000000000000004,cosine,5,10,3.363542025908828,0.2,0.5,0.6131471927654584
1,cv_12,chroma,multimodal,cosine,0.7,0.30000000000000004,cosine,5,10,1.7262920155189931,0.4,1.0,1.0
1,cv_13,chroma,multimodal,cosine,0.7,0.30000000000000004,cosine,5,10,2.764709002804011,0.2,1.0,1.0
1,cv_14,chroma,multimodal,cosine,0.7,0.30000000000000004,cosine,5,10,1.1715419823303819,0.4,1.0,1.0
1,cv_15,chroma,multimodal,cosine,0.7,0.30000000000000004,cosine,5,10,1.7423750250600278,0.2,1.0,1.0
1,cv_16,chroma,multimodal,cosine,0.7,0.30000000000000004,cosine,5,10,1.3350420049391687,0.4,1.0,1.0
1,cv_17,chroma,multimodal,cosine,0.7,0.30000000000000004,cosine,5,10,2.899958984926343,0.4,1.0,1.0
1,cv_18,chroma,multimodal,cosine,0.7,0.30000000000000004,cosine,5,10,1.680249988567084,0.4,1.0,1.0
1,cv_19,chroma,multimodal,cosine,0.7,0.30000000000000004,cosine,5,10,1.3889999827370048,0.2,1.0,1.0
1,cv_20,chroma,multimodal,cosine,0.7,0.30000000000000004,cosine,5,10,1.804416999220848,0.2,1.0,1.0
1,cv_21,chroma,multimodal,cosine,0.7,0.30000000000000004,cosine,5,10,2.120958990417421,0.2,1.0,1.0
1,cv_22,chroma,multimodal,cosine,0.7,0.30000000000000004,cosine,5,10,1.423250010702759,0.4,1.0,1.0
1,cv_23,chroma,multimodal,cosine,0.7,0.30000000000000004,cosine,5,10,1.3262080028653145,0.2,1.0,1.0
1,cv_24,chroma,multimodal,cosine,0.7,0.30000000000000004,cosine,5,10,3.5068750148639083,0.2,0.5,0.6131471927654584
1,cv_25,chroma,multimodal,cosine,0.7,0.30000000000000004,cosine,5,10,1.5051660011522472,0.2,1.0,1.0
1,cv_26,chroma,multimodal,cosine,0.7,0.30000000000000004,cosine,5,10,1.4190829824656248,0.2,1.0,1.0
1,cv_27,chroma,multimodal,cosine,0.7,0.30000000000000004,cosine,5,10,1.6866670339368284,0.2,0.5,0.8262346571285599
1,cv_28,chroma,multimodal,cosine,0.7,0.30000000000000004,cosine,5,10,2.782625029794872,0.2,1.0,1.0
1,cv_29,chroma,multimodal,cosine,0.7,0.30000000000000004,cosine,5,10,1.4213750255294144,0.2,1.0,0.5
1,cv_30,chroma,multimodal,cosine,0.7,0.30000000000000004,cosine,5,10,1.8856660462915897,0.2,1.0,1.0
1,cv_01,chroma,multimodal,cosine,0.6,0.4,cosine,5,10,2.062166982796043,0.4,1.0,0.9639404333166532
1,cv_02,chroma,multimodal,cosine,0.6,0.4,cosine,5,10,1.8787920125760138,0.4,1.0,0.9639404333166532
1,cv_03,chroma,multimodal,cosine,0.6,0.4,cosine,5,10,1.6944580129347742,0.4,1.0,0.9327783893101107
1,cv_04,chroma,multimodal,cosine,0.6,0.4,cosine,5,10,1.9005839712917805,0.4,1.0,0.944847956559586
1,cv_05,chroma,multimodal,cosine,0.6,0.4,cosine,5,10,2.0905419951304793,0.2,0.5,0.8262346571285599
1,cv_06,chroma,multimodal,cosine,0.6,0.4,cosine,5,10,2.1627499954774976,0.2,0.5,0.8262346571285599
1,cv_07,chroma,multimodal,cosine,0.6,0.4,cosine,5,10,5.0186250009574,0.2,1.0,0.6309297535714575
1,cv_08,chroma,multimodal,cosine,0.6,0.4,cosine,5,10,1.7130000051110983,0.2,1.0,1.0
1,cv_09,chroma,multimodal,cosine,0.6,0.4,cosine,5,10,1.9294589874334633,0.4,1.0,0.9327783893101107
1,cv_10,chroma,multimodal,cosine,0.6,0.4,cosine,5,10,2.375250041950494,0.4,1.0,1.0
1,cv_11,chroma,multimodal,cosine,0.6,0.4,cosine,5,10,2.0716669969260693,0.2,0.5,0.6131471927654584
1,cv_12,chroma,multimodal,cosine,0.6,0.4,cosine,5,10,2.3955830256454647,0.4,1.0,1.0
1,cv_13,chroma,multimodal,cosine,0.6,0.4,cosine,5,10,1.486875000409782,0.2,1.0,1.0
1,cv_14,chroma,multimodal,cosine,0.6,0.4,cosine,5,10,1.6963339876383543,0.4,1.0,1.0
1,cv_15,chroma,multimodal,cosine,0.6,0.4,cosine,5,10,1.3264169683679938,0.2,1.0,1.0
1,cv_16,chroma,multimodal,cosine,0.6,0.4,cosine,5,10,0.8646659553050995,0.4,1.0,1.0
1,cv_17,chroma,multimodal,cosine,0.6,0.4,cosine,5,10,1.717458013445139,0.4,1.0,1.0
1,cv_18,chroma,multimodal,cosine,0.6,0.4,cosine,5,10,1.6189169837161899,0.4,1.0,0.7967075809905066
1,cv_19,chroma,multimodal,cosine,0.6,0.4,cosine,5,10,16.58337499247864,0.2,1.0,1.0
1,cv_20,chroma,multimodal,cosine,0.6,0.4,cosine,5,10,20.06787498248741,0.2,1.0,1.0
1,cv_21,chroma,multimodal,cosine,0.6,0.4,cosine,5,10,14.838750008493662,0.2,1.0,1.0
1,cv_22,chroma,multimodal,cosine,0.6,0.4,cosine,5,10,7.988500001374632,0.4,1.0,1.0
1,cv_23,chroma,multimodal,cosine,0.6,0.4,cosine,5,10,2.1203329670242965,0.2,1.0,1.0
1,cv_24,chroma,multimodal,cosine,0.6,0.4,cosine,5,10,1.6303749871440232,0.2,0.5,0.6131471927654584
1,cv_25,chroma,multimodal,cosine,0.6,0.4,cosine,5,10,3.416666993871331,0.2,1.0,1.0
1,cv_26,chroma,multimodal,cosine,0.6,0.4,cosine,5,10,1.5201250207610428,0.2,1.0,1.0
1,cv_27,chroma,multimodal,cosine,0.6,0.4,cosine,5,10,1.9173749606125057,0.2,0.5,0.8262346571285599
1,cv_28,chroma,multimodal,cosine,0.6,0.4,cosine,5,10,1.7190419603139162,0.2,1.0,1.0
1,cv_29,chroma,multimodal,cosine,0.6,0.4,cosine,5,10,1.5847089816816151,0.2,1.0,0.5
1,cv_30,chroma,multimodal,cosine,0.6,0.4,cosine,5,10,1.626665994990617,0.2,1.0,1.0
1,cv_01,chroma,multimodal,cosine,0.5,0.5,cosine,5,10,14.76908300537616,0.4,1.0,0.9639404333166532
1,cv_02,chroma,multimodal,cosine,0.5,0.5,cosine,5,10,12.689792027231306,0.4,1.0,0.9639404333166532
1,cv_03,chroma,multimodal,cosine,0.5,0.5,cosine,5,10,13.748583034612238,0.4,1.0,0.9327783893101107
1,cv_04,chroma,multimodal,cosine,0.5,0.5,cosine,5,10,20.94479202060029,0.4,1.0,0.944847956559586
1,cv_05,chroma,multimodal,cosine,0.5,0.5,cosine,5,10,19.664791994728148,0.2,0.5,0.8262346571285599
1,cv_06,chroma,multimodal,cosine,0.5,0.5,cosine,5,10,16.776375006884336,0.2,0.5,0.8262346571285599
1,cv_07,chroma,multimodal,cosine,0.5,0.5,cosine,5,10,15.199250017758459,0.2,1.0,0.6309297535714575
1,cv_08,chroma,multimodal,cosine,0.5,0.5,cosine,5,10,15.209333971142769,0.2,1.0,1.0
1,cv_09,chroma,multimodal,cosine,0.5,0.5,cosine,5,10,24.30633403128013,0.4,1.0,0.9327783893101107
1,cv_10,chroma,multimodal,cosine,0.5,0.5,cosine,5,10,7.462250010576099,0.4,1.0,1.0
1,cv_11,chroma,multimodal,cosine,0.5,0.5,cosine,5,10,16.752833034843206,0.2,0.5,0.6131471927654584
1,cv_12,chroma,multimodal,cosine,0.5,0.5,cosine,5,10,20.990790973883122,0.4,1.0,0.9639404333166532
1,cv_13,chroma,multimodal,cosine,0.5,0.5,cosine,5,10,14.0386670245789,0.2,1.0,1.0
1,cv_14,chroma,multimodal,cosine,0.5,0.5,cosine,5,10,19.917999976314604,0.4,1.0,1.0
1,cv_15,chroma,multimodal,cosine,0.5,0.5,cosine,5,10,15.601208026055247,0.2,1.0,1.0
1,cv_16,chroma,multimodal,cosine,0.5,0.5,cosine,5,10,16.952625010162592,0.4,1.0,1.0
1,cv_17,chroma,multimodal,cosine,0.5,0.5,cosine,5,10,14.750458009075373,0.4,1.0,1.0
1,cv_18,chroma,multimodal,cosine,0.5,0.5,cosine,5,10,12.122209009248763,0.4,1.0,0.7967075809905066
1,cv_19,chroma,multimodal,cosine,0.5,0.5,cosine,5,10,11.211959004867822,0.2,1.0,1.0
1,cv_20,chroma,multimodal,cosine,0.5,0.5,cosine,5,10,8.273000014014542,0.2,1.0,1.0
1,cv_21,chroma,multimodal,cosine,0.5,0.5,cosine,5,10,12.794042006134987,0.2,1.0,1.0
1,cv_22,chroma,multimodal,cosine,0.5,0.5,cosine,5,10,10.74900000821799,0.4,1.0,1.0
1,cv_23,chroma,multimodal,cosine,0.5,0.5,cosine,5,10,7.887708954513073,0.2,1.0,1.0
1,cv_24,chroma,multimodal,cosine,0.5,0.5,cosine,5,10,11.951916036196053,0.2,0.5,0.6131471927654584
1,cv_25,chroma,multimodal,cosine,0.5,0.5,cosine,5,10,5.897750030271709,0.2,1.0,1.0
1,cv_26,chroma,multimodal,cosine,0.5,0.5,cosine,5,10,4.68383397674188,0.2,1.0,1.0
1,cv_27,chroma,multimodal,cosine,0.5,0.5,cosine,5,10,10.849166952539235,0.2,0.5,0.8262346571285599
1,cv_28,chroma,multimodal,cosine,0.5,0.5,cosine,5,10,8.733291004318744,0.2,1.0,1.0
1,cv_29,chroma,multimodal,cosine,0.5,0.5,cosine,5,10,10.729125002399087,0.2,1.0,0.5
1,cv_30,chroma,multimodal,cosine,0.5,0.5,cosine,5,10,16.999666986521333,0.2,1.0,1.0
1,cv_01,chroma,multimodal,euclidean,0.8,0.19999999999999996,cosine,5,10,1.8993330304510891,0.4,1.0,0.9639404333166532
1,cv_02,chroma,multimodal,euclidean,0.8,0.19999999999999996,cosine,5,10,2.0115410443395376,0.4,1.0,0.9639404333166532
1,cv_03,chroma,multimodal,euclidean,0.8,0.19999999999999996,cosine,5,10,1.4464170089922845,0.4,1.0,0.9327783893101107
1,cv_04,chroma,multimodal,euclidean,0.8,0.19999999999999996,cosine,5,10,1.5233330195769668,0.4,1.0,0.944847956559586
1,cv_05,chroma,multimodal,euclidean,0.8,0.19999999999999996,cosine,5,10,2.526832977309823,0.2,0.5,0.8262346571285599
1,cv_06,chroma,multimodal,euclidean,0.8,0.19999999999999996,cosine,5,10,11.727290984708816,0.2,0.5,0.8262346571285599
1,cv_07,chroma,multimodal,euclidean,0.8,0.19999999999999996,cosine,5,10,16.001874988432974,0.2,1.0,0.6309297535714575
1,cv_08,chroma,multimodal,euclidean,0.8,0.19999999999999996,cosine,5,10,11.865167005453259,0.2,1.0,1.0
1,cv_09,chroma,multimodal,euclidean,0.8,0.19999999999999996,cosine,5,10,10.74737502494827,0.4,1.0,0.9327783893101107
1,cv_10,chroma,multimodal,euclidean,0.8,0.19999999999999996,cosine,5,10,10.763874975964427,0.4,1.0,1.0
1,cv_11,chroma,multimodal,euclidean,0.8,0.19999999999999996,cosine,5,10,9.673917025793344,0.2,0.5,0.6131471927654584
1,cv_12,chroma,multimodal,euclidean,0.8,0.19999999999999996,cosine,5,10,11.315541982185096,0.4,1.0,1.0
1,cv_13,chroma,multimodal,euclidean,0.8,0.19999999999999996,cosine,5,10,7.724957948084921,0.2,1.0,1.0
1,cv_14,chroma,multimodal,euclidean,0.8,0.19999999999999996,cosine,5,10,12.008165998850018,0.4,1.0,1.0
1,cv_15,chroma,multimodal,euclidean,0.8,0.19999999999999996,cosine,5,10,11.37070800177753,0.2,1.0,1.0
1,cv_16,chroma,multimodal,euclidean,0.8,0.19999999999999996,cosine,5,10,8.775750000495464,0.4,1.0,1.0
1,cv_17,chroma,multimodal,euclidean,0.8,0.19999999999999996,cosine,5,10,10.366707982029766,0.4,1.0,1.0
1,cv_18,chroma,multimodal,euclidean,0.8,0.19999999999999996,cosine,5,10,14.349375036545098,0.4,1.0,0.7967075809905066
1,cv_19,chroma,multimodal,euclidean,0.8,0.19999999999999996,cosine,5,10,9.24937502713874,0.2,1.0,1.0
1,cv_20,chroma,multimodal,euclidean,0.8,0.19999999999999996,cosine,5,10,11.957124981563538,0.2,1.0,1.0
1,cv_21,chroma,multimodal,euclidean,0.8,0.19999999999999996,cosine,5,10,11.132124986033887,0.2,1.0,1.0
1,cv_22,chroma,multimodal,euclidean,0.8,0.19999999999999996,cosine,5,10,8.401540981139988,0.4,1.0,1.0
1,cv_23,chroma,multimodal,euclidean,0.8,0.19999999999999996,cosine,5,10,11.997708003036678,0.2,1.0,1.0
1,cv_24,chroma,multimodal,euclidean,0.8,0.19999999999999996,cosine,5,10,9.36041702516377,0.2,0.5,0.6131471927654584
1,cv_25,chroma,multimodal,euclidean,0.8,0.19999999999999996,cosine,5,10,8.895415987353772,0.2,1.0,1.0
1,cv_26,chroma,multimodal,euclidean,0.8,0.19999999999999996,cosine,5,10,11.82770897867158,0.2,1.0,1.0
1,cv_27,chroma,multimodal,euclidean,0.8,0.19999999999999996,cosine,5,10,9.738583001308143,0.2,0.5,0.8262346571285599
1,cv_28,chroma,multimodal,euclidean,0.8,0.19999999999999996,cosine,5,10,10.599208006169647,0.2,1.0,1.0
1,cv_29,chroma,multimodal,euclidean,0.8,0.19999999999999996,cosine,5,10,15.909541049040854,0.2,1.0,0.5
1,cv_30,chroma,multimodal,euclidean,0.8,0.19999999999999996,cosine,5,10,13.66437500109896,0.2,1.0,1.0
1,cv_01,chroma,multimodal,euclidean,0.7,0.30000000000000004,cosine,5,10,11.217666964512318,0.4,1.0,0.9639404333166532
1,cv_02,chroma,multimodal,euclidean,0.7,0.30000000000000004,cosine,5,10,12.610208010300994,0.4,1.0,0.9639404333166532
1,cv_03,chroma,multimodal,euclidean,0.7,0.30000000000000004,cosine,5,10,11.33308297721669,0.4,1.0,0.9327783893101107
1,cv_04,chroma,multimodal,euclidean,0.7,0.30000000000000004,cosine,5,10,11.614334012847394,0.4,1.0,0.944847956559586
1,cv_05,chroma,multimodal,euclidean,0.7,0.30000000000000004,cosine,5,10,13.780290959402919,0.2,0.5,0.8262346571285599
1,cv_06,chroma,multimodal,euclidean,0.7,0.30000000000000004,cosine,5,10,21.690999972634017,0.2,0.5,0.8262346571285599
1,cv_07,chroma,multimodal,euclidean,0.7,0.30000000000000004,cosine,5,10,18.58541596448049,0.2,1.0,0.6309297535714575
1,cv_08,chroma,multimodal,euclidean,0.7,0.30000000000000004,cosine,5,10,13.704459008295089,0.2,1.0,1.0
1,cv_09,chroma,multimodal,euclidean,0.7,0.30000000000000004,cosine,5,10,15.903417021036148,0.4,1.0,0.9327783893101107
1,cv_10,chroma,multimodal,euclidean,0.7,0.30000000000000004,cosine,5,10,23.21112499339506,0.4,1.0,1.0
1,cv_11,chroma,multimodal,euclidean,0.7,0.30000000000000004,cosine,5,10,17.523084010463208,0.2,0.5,0.6131471927654584
1,cv_12,chroma,multimodal,euclidean,0.7,0.30000000000000004,cosine,5,10,16.532375011593103,0.4,1.0,0.9639404333166532
1,cv_13,chroma,multimodal,euclidean,0.7,0.30000000000000004,cosine,5,10,14.672417019028217,0.2,1.0,1.0
1,cv_14,chroma,multimodal,euclidean,0.7,0.30000000000000004,cosine,5,10,8.76483297906816,0.4,1.0,1.0
1,cv_15,chroma,multimodal,euclidean,0.7,0.30000000000000004,cosine,5,10,14.491875015664846,0.2,1.0,1.0
1,cv_16,chroma,multimodal,euclidean,0.7,0.30000000000000004,cosine,5,10,15.204166003968567,0.4,1.0,1.0
1,cv_17,chroma,multimodal,euclidean,0.7,0.30000000000000004,cosine,5,10,5.607625003904104,0.4,1.0,1.0
1,cv_18,chroma,multimodal,euclidean,0.7,0.30000000000000004,cosine,5,10,16.346249962225556,0.4,1.0,0.7967075809905066
1,cv_19,chroma,multimodal,euclidean,0.7,0.30000000000000004,cosine,5,10,17.87041698116809,0.2,1.0,1.0
1,cv_20,chroma,multimodal,euclidean,0.7,0.30000000000000004,cosine,5,10,10.660916974302381,0.2,1.0,1.0
1,cv_21,chroma,multimodal,euclidean,0.7,0.30000000000000004,cosine,5,10,11.105916986707598,0.2,1.0,1.0
1,cv_22,chroma,multimodal,euclidean,0.7,0.30000000000000004,cosine,5,10,16.464583983179182,0.4,1.0,1.0
1,cv_23,chroma,multimodal,euclidean,0.7,0.30000000000000004,cosine,5,10,9.039749973453581,0.2,1.0,1.0
1,cv_24,chroma,multimodal,euclidean,0.7,0.30000000000000004,cosine,5,10,9.471291967201978,0.2,0.5,0.6131471927654584
1,cv_25,chroma,multimodal,euclidean,0.7,0.30000000000000004,cosine,5,10,10.929708019830287,0.2,1.0,1.0
1,cv_26,chroma,multimodal,euclidean,0.7,0.30000000000000004,cosine,5,10,9.994124993681908,0.2,1.0,1.0
1,cv_27,chroma,multimodal,euclidean,0.7,0.30000000000000004,cosine,5,10,13.542834029067308,0.2,0.5,0.8262346571285599
1,cv_28,chroma,multimodal,euclidean,0.7,0.30000000000000004,cosine,5,10,15.14875004068017,0.2,1.0,1.0
1,cv_29,chroma,multimodal,euclidean,0.7,0.30000000000000004,cosine,5,10,18.699458974879235,0.2,1.0,0.5
1,cv_30,chroma,multimodal,euclidean,0.7,0.30000000000000004,cosine,5,10,15.303040971048176,0.2,1.0,1.0
1,cv_01,chroma,multimodal,euclidean,0.6,0.4,cosine,5,10,2.4052090011537075,0.4,1.0,0.9639404333166532
1,cv_02,chroma,multimodal,euclidean,0.6,0.4,cosine,5,10,1.4218330034054816,0.4,1.0,0.9639404333166532
1,cv_03,chroma,multimodal,euclidean,0.6,0.4,cosine,5,10,3.1709999893791974,0.4,1.0,0.9327783893101107
1,cv_04,chroma,multimodal,euclidean,0.6,0.4,cosine,5,10,1.717874954920262,0.4,1.0,0.944847956559586
1,cv_05,chroma,multimodal,euclidean,0.6,0.4,cosine,5,10,1.5204999945126474,0.2,0.5,0.8262346571285599
1,cv_06,chroma,multimodal,euclidean,0.6,0.4,cosine,5,10,1.9324999884702265,0.2,0.5,0.8262346571285599
1,cv_07,chroma,multimodal,euclidean,0.6,0.4,cosine,5,10,2.1952499519102275,0.2,1.0,0.6309297535714575
1,cv_08,chroma,multimodal,euclidean,0.6,0.4,cosine,5,10,1.5167499659582973,0.2,1.0,1.0
1,cv_09,chroma,multimodal,euclidean,0.6,0.4,cosine,5,10,1.9528340199030936,0.4,1.0,0.9327783893101107
1,cv_10,chroma,multimodal,euclidean,0.6,0.4,cosine,5,10,1.8994169658981264,0.4,1.0,1.0
1,cv_11,chroma,multimodal,euclidean,0.6,0.4,cosine,5,10,1.5814999933354557,0.2,0.5,0.6131471927654584
1,cv_12,chroma,multimodal,euclidean,0.6,0.4,cosine,5,10,1.6507089603692293,0.4,1.0,0.9639404333166532
1,cv_13,chroma,multimodal,euclidean,0.6,0.4,cosine,5,10,1.6596249770373106,0.2,1.0,1.0
1,cv_14,chroma,multimodal,euclidean,0.6,0.4,cosine,5,10,1.6793329850770533,0.4,1.0,1.0
1,cv_15,chroma,multimodal,euclidean,0.6,0.4,cosine,5,10,1.4910840545780957,0.2,1.0,1.0
1,cv_16,chroma,multimodal,euclidean,0.6,0.4,cosine,5,10,1.796333002857864,0.4,1.0,1.0
1,cv_17,chroma,multimodal,euclidean,0.6,0.4,cosine,5,10,1.6931249992921948,0.4,1.0,1.0
1,cv_18,chroma,multimodal,euclidean,0.6,0.4,cosine,5,10,1.448625000193715,0.4,1.0,0.7967075809905066
1,cv_19,chroma,multimodal,euclidean,0.6,0.4,cosine,5,10,1.4808749547228217,0.2,1.0,1.0
1,cv_20,chroma,multimodal,euclidean,0.6,0.4,cosine,5,10,1.5725829871371388,0.2,1.0,1.0
1,cv_21,chroma,multimodal,euclidean,0.6,0.4,cosine,5,10,1.7078329692594707,0.2,1.0,1.0
1,cv_22,chroma,multimodal,euclidean,0.6,0.4,cosine,5,10,1.4669170486740768,0.4,1.0,1.0
1,cv_23,chroma,multimodal,euclidean,0.6,0.4,cosine,5,10,1.4639169676229358,0.2,1.0,1.0
1,cv_24,chroma,multimodal,euclidean,0.6,0.4,cosine,5,10,1.561500015668571,0.2,0.5,0.6131471927654584
1,cv_25,chroma,multimodal,euclidean,0.6,0.4,cosine,5,10,1.4564579469151795,0.2,1.0,1.0
1,cv_26,chroma,multimodal,euclidean,0.6,0.4,cosine,5,10,1.5401249984279275,0.2,1.0,1.0
1,cv_27,chroma,multimodal,euclidean,0.6,0.4,cosine,5,10,1.706250011920929,0.2,0.5,0.8262346571285599
1,cv_28,chroma,multimodal,euclidean,0.6,0.4,cosine,5,10,1.7491250182501972,0.2,1.0,1.0
1,cv_29,chroma,multimodal,euclidean,0.6,0.4,cosine,5,10,1.5210839919745922,0.2,1.0,0.5
1,cv_30,chroma,multimodal,euclidean,0.6,0.4,cosine,5,10,1.6448339447379112,0.2,1.0,1.0
1,cv_01,chroma,multimodal,euclidean,0.5,0.5,cosine,5,10,1.9430419779382646,0.4,1.0,0.9639404333166532
1,cv_02,chroma,multimodal,euclidean,0.5,0.5,cosine,5,10,1.5019170241430402,0.4,1.0,0.9639404333166532
1,cv_03,chroma,multimodal,euclidean,0.5,0.5,cosine,5,10,1.3917500036768615,0.4,1.0,0.9327783893101107
1,cv_04,chroma,multimodal,euclidean,0.5,0.5,cosine,5,10,1.786292006727308,0.4,1.0,0.944847956559586
1,cv_05,chroma,multimodal,euclidean,0.5,0.5,cosine,5,10,1.5681250370107591,0.2,0.5,0.8262346571285599
1,cv_06,chroma,multimodal,euclidean,0.5,0.5,cosine,5,10,2.3947919835336506,0.2,0.5,0.8262346571285599
1,cv_07,chroma,multimodal,euclidean,0.5,0.5,cosine,5,10,3.3469999907538295,0.2,1.0,0.6309297535714575
1,cv_08,chroma,multimodal,euclidean,0.5,0.5,cosine,5,10,1.6118749626912177,0.2,1.0,1.0
1,cv_09,chroma,multimodal,euclidean,0.5,0.5,cosine,5,10,1.433375000488013,0.4,1.0,0.9327783893101107
1,cv_10,chroma,multimodal,euclidean,0.5,0.5,cosine,5,10,1.5178329776972532,0.4,1.0,1.0
1,cv_11,chroma,multimodal,euclidean,0.5,0.5,cosine,5,10,1.6374580445699394,0.2,0.5,0.6131471927654584
1,cv_12,chroma,multimodal,euclidean,0.5,0.5,cosine,5,10,1.546707993838936,0.4,1.0,0.9639404333166532
1,cv_13,chroma,multimodal,euclidean,0.5,0.5,cosine,5,10,1.41962495399639,0.2,1.0,1.0
1,cv_14,chroma,multimodal,euclidean,0.5,0.5,cosine,5,10,1.807958004064858,0.4,1.0,1.0
1,cv_15,chroma,multimodal,euclidean,0.5,0.5,cosine,5,10,1.6720419516786933,0.2,1.0,1.0
1,cv_16,chroma,multimodal,euclidean,0.5,0.5,cosine,5,10,1.370791986119002,0.4,1.0,1.0
1,cv_17,chroma,multimodal,euclidean,0.5,0.5,cosine,5,10,1.4701660256832838,0.4,1.0,1.0
1,cv_18,chroma,multimodal,euclidean,0.5,0.5,cosine,5,10,1.6329579520970583,0.4,1.0,0.7967075809905066
1,cv_19,chroma,multimodal,euclidean,0.5,0.5,cosine,5,10,1.7297079903073609,0.2,1.0,1.0
1,cv_20,chroma,multimodal,euclidean,0.5,0.5,cosine,5,10,1.6376249841414392,0.2,1.0,1.0
1,cv_21,chroma,multimodal,euclidean,0.5,0.5,cosine,5,10,1.4752499992027879,0.2,1.0,1.0
1,cv_22,chroma,multimodal,euclidean,0.5,0.5,cosine,5,10,1.5677909832447767,0.4,1.0,1.0
1,cv_23,chroma,multimodal,euclidean,0.5,0.5,cosine,5,10,1.4530839980579913,0.2,1.0,1.0
1,cv_24,chroma,multimodal,euclidean,0.5,0.5,cosine,5,10,1.4313750434666872,0.2,0.5,0.6131471927654584
1,cv_25,chroma,multimodal,euclidean,0.5,0.5,cosine,5,10,1.6631660400889814,0.2,1.0,1.0
1,cv_26,chroma,multimodal,euclidean,0.5,0.5,cosine,5,10,1.7672909889370203,0.2,1.0,1.0
1,cv_27,chroma,multimodal,euclidean,0.5,0.5,cosine,5,10,1.4542919816449285,0.2,0.5,0.8262346571285599
1,cv_28,chroma,multimodal,euclidean,0.5,0.5,cosine,5,10,1.451791962608695,0.2,1.0,1.0
1,cv_29,chroma,multimodal,euclidean,0.5,0.5,cosine,5,10,1.666042022407055,0.2,1.0,0.5
1,cv_30,chroma,multimodal,euclidean,0.5,0.5,cosine,5,10,1.9242920097894967,0.2,1.0,1.0
1,cv_01,chroma,semantic,cosine,,,l2,5,10,3.1578330090269446,0.4,1.0,0.944847956559586
1,cv_02,chroma,semantic,cosine,,,l2,5,10,1.5855830279178917,0.4,1.0,0.9639404333166532
1,cv_03,chroma,semantic,cosine,,,l2,5,10,1.6616670181974769,0.4,1.0,0.9327783893101107
1,cv_04,chroma,semantic,cosine,,,l2,5,10,1.8261249642819166,0.4,1.0,1.0
1,cv_05,chroma,semantic,cosine,,,l2,5,10,1.4918750384822488,0.2,0.5,0.8262346571285599
1,cv_06,chroma,semantic,cosine,,,l2,5,10,1.4598750276491046,0.2,0.5,0.8262346571285599
1,cv_07,chroma,semantic,cosine,,,l2,5,10,1.8162089982070029,0.2,1.0,0.6309297535714575
1,cv_08,chroma,semantic,cosine,,,l2,5,10,1.5719160437583923,0.2,1.0,1.0
1,cv_09,chroma,semantic,cosine,,,l2,5,10,1.4007079880684614,0.4,1.0,0.9327783893101107
1,cv_10,chroma,semantic,cosine,,,l2,5,10,1.3727499754168093,0.4,1.0,1.0
1,cv_11,chroma,semantic,cosine,,,l2,5,10,1.826082996558398,0.2,0.5,0.6131471927654584
1,cv_12,chroma,semantic,cosine,,,l2,5,10,1.7778330366127193,0.4,1.0,1.0
1,cv_13,chroma,semantic,cosine,,,l2,5,10,1.4187910128384829,0.2,1.0,1.0
1,cv_14,chroma,semantic,cosine,,,l2,5,10,1.4499579556286335,0.2,0.5,0.8262346571285599
1,cv_15,chroma,semantic,cosine,,,l2,5,10,1.6481250058859587,0.2,1.0,1.0
1,cv_16,chroma,semantic,cosine,,,l2,5,10,1.2278749491088092,0.4,1.0,1.0
1,cv_17,chroma,semantic,cosine,,,l2,5,10,1.669707999099046,0.4,1.0,0.9639404333166532
1,cv_18,chroma,semantic,cosine,,,l2,5,10,1.449667033739388,0.4,1.0,0.944847956559586
1,cv_19,chroma,semantic,cosine,,,l2,5,10,1.6713750082999468,0.2,1.0,1.0
1,cv_20,chroma,semantic,cosine,,,l2,5,10,1.7560829874128103,0.2,1.0,1.0
1,cv_21,chroma,semantic,cosine,,,l2,5,10,2.262042020447552,0.0,0.0,0.0
1,cv_22,chroma,semantic,cosine,,,l2,5,10,1.4751250273548067,0.4,1.0,1.0
1,cv_23,chroma,semantic,cosine,,,l2,5,10,1.7626669723540545,0.2,1.0,1.0
1,cv_24,chroma,semantic,cosine,,,l2,5,10,3.9396670181304216,0.2,0.5,0.6131471927654584
1,cv_25,chroma,semantic,cosine,,,l2,5,10,1.5892079682089388,0.2,1.0,1.0
1,cv_26,chroma,semantic,cosine,,,l2,5,10,2.332207979634404,0.2,1.0,1.0
1,cv_27,chroma,semantic,cosine,,,l2,5,10,1.5141670010052621,0.2,0.5,0.8262346571285599
1,cv_28,chroma,semantic,cosine,,,l2,5,10,1.4443330001085997,0.2,1.0,1.0
1,cv_29,chroma,semantic,cosine,,,l2,5,10,1.5442079748027027,0.2,1.0,0.5
1,cv_30,chroma,semantic,cosine,,,l2,5,10,1.7809580313041806,0.2,1.0,1.0
1,cv_01,chroma,semantic,euclidean,,,l2,5,10,1.896000001579523,0.4,1.0,0.944847956559586
1,cv_02,chroma,semantic,euclidean,,,l2,5,10,1.843457983341068,0.4,1.0,0.9639404333166532
1,cv_03,chroma,semantic,euclidean,,,l2,5,10,2.3357499740086496,0.4,1.0,0.9327783893101107
1,cv_04,chroma,semantic,euclidean,,,l2,5,10,1.36599998222664,0.4,1.0,1.0
1,cv_05,chroma,semantic,euclidean,,,l2,5,10,1.7980420379899442,0.2,0.5,0.8262346571285599
1,cv_06,chroma,semantic,euclidean,,,l2,5,10,1.6696249949745834,0.2,0.5,0.8262346571285599
1,cv_07,chroma,semantic,euclidean,,,l2,5,10,1.512249989900738,0.2,1.0,0.6309297535714575
1,cv_08,chroma,semantic,euclidean,,,l2,5,10,4.130707995500416,0.2,1.0,1.0
1,cv_09,chroma,semantic,euclidean,,,l2,5,10,2.007792005315423,0.4,1.0,0.9327783893101107
1,cv_10,chroma,semantic,euclidean,,,l2,5,10,1.7149170162156224,0.4,1.0,1.0
1,cv_11,chroma,semantic,euclidean,,,l2,5,10,1.5224170056171715,0.2,0.5,0.6131471927654584
1,cv_12,chroma,semantic,euclidean,,,l2,5,10,1.5203749644570053,0.4,1.0,1.0
1,cv_13,chroma,semantic,euclidean,,,l2,5,10,1.5922089805826545,0.2,1.0,1.0
1,cv_14,chroma,semantic,euclidean,,,l2,5,10,1.4320419868454337,0.2,0.5,0.8262346571285599
1,cv_15,chroma,semantic,euclidean,,,l2,5,10,1.3668750179931521,0.2,1.0,1.0
1,cv_16,chroma,semantic,euclidean,,,l2,5,10,1.4338329783640802,0.4,1.0,1.0
1,cv_17,chroma,semantic,euclidean,,,l2,5,10,1.7443750402890146,0.4,1.0,0.9639404333166532
1,cv_18,chroma,semantic,euclidean,,,l2,5,10,1.636041037272662,0.4,1.0,0.944847956559586
1,cv_19,chroma,semantic,euclidean,,,l2,5,10,1.3948340201750398,0.2,1.0,1.0
1,cv_20,chroma,semantic,euclidean,,,l2,5,10,1.3615000061690807,0.2,1.0,1.0
1,cv_21,chroma,semantic,euclidean,,,l2,5,10,1.8891669460572302,0.0,0.0,0.0
1,cv_22,chroma,semantic,euclidean,,,l2,5,10,1.970500044990331,0.4,1.0,1.0
1,cv_23,chroma,semantic,euclidean,,,l2,5,10,1.5359160024672747,0.2,1.0,1.0
1,cv_24,chroma,semantic,euclidean,,,l2,5,10,1.4726660447195172,0.2,0.5,0.6131471927654584
1,cv_25,chroma,semantic,euclidean,,,l2,5,10,1.7705000354908407,0.2,1.0,1.0
1,cv_26,chroma,semantic,euclidean,,,l2,5,10,1.651583006605506,0.2,1.0,1.0
1,cv_27,chroma,semantic,euclidean,,,l2,5,10,1.5189590048976243,0.2,0.5,0.8262346571285599
1,cv_28,chroma,semantic,euclidean,,,l2,5,10,1.4871250023134053,0.2,1.0,1.0
1,cv_29,chroma,semantic,euclidean,,,l2,5,10,1.685708004515618,0.2,1.0,0.5
1,cv_30,chroma,semantic,euclidean,,,l2,5,10,1.8494580290280282,0.2,1.0,1.0
1,cv_01,chroma,multimodal,cosine,0.8,0.19999999999999996,l2,5,10,2.231834048870951,0.4,1.0,0.9639404333166532
1,cv_02,chroma,multimodal,cosine,0.8,0.19999999999999996,l2,5,10,1.4364999951794744,0.4,1.0,0.9639404333166532
1,cv_03,chroma,multimodal,cosine,0.8,0.19999999999999996,l2,5,10,1.5364589635282755,0.4,1.0,0.9327783893101107
1,cv_04,chroma,multimodal,cosine,0.8,0.19999999999999996,l2,5,10,2.4942500167526305,0.4,1.0,1.0
1,cv_05,chroma,multimodal,cosine,0.8,0.19999999999999996,l2,5,10,2.2652919869869947,0.2,0.5,0.8262346571285599
1,cv_06,chroma,multimodal,cosine,0.8,0.19999999999999996,l2,5,10,1.9915420562028885,0.2,0.5,0.8262346571285599
1,cv_07,chroma,multimodal,cosine,0.8,0.19999999999999996,l2,5,10,2.1080420119687915,0.2,1.0,0.6309297535714575
1,cv_08,chroma,multimodal,cosine,0.8,0.19999999999999996,l2,5,10,1.456458994653076,0.2,1.0,1.0
1,cv_09,chroma,multimodal,cosine,0.8,0.19999999999999996,l2,5,10,1.8167920061387122,0.4,1.0,0.9327783893101107
1,cv_10,chroma,multimodal,cosine,0.8,0.19999999999999996,l2,5,10,2.554333012085408,0.4,1.0,1.0
1,cv_11,chroma,multimodal,cosine,0.8,0.19999999999999996,l2,5,10,1.4337499742396176,0.2,0.5,0.6131471927654584
1,cv_12,chroma,multimodal,cosine,0.8,0.19999999999999996,l2,5,10,1.8151249969378114,0.4,1.0,1.0
1,cv_13,chroma,multimodal,cosine,0.8,0.19999999999999996,l2,5,10,1.6072500147856772,0.2,1.0,1.0
1,cv_14,chroma,multimodal,cosine,0.8,0.19999999999999996,l2,5,10,1.4987909817136824,0.4,1.0,1.0
1,cv_15,chroma,multimodal,cosine,0.8,0.19999999999999996,l2,5,10,1.3628329616039991,0.2,1.0,1.0
1,cv_16,chroma,multimodal,cosine,0.8,0.19999999999999996,l2,5,10,1.8745840061455965,0.4,1.0,1.0
1,cv_17,chroma,multimodal,cosine,0.8,0.19999999999999996,l2,5,10,1.1607499909587204,0.4,1.0,1.0
1,cv_18,chroma,multimodal,cosine,0.8,0.19999999999999996,l2,5,10,1.4767920365557075,0.4,1.0,1.0
1,cv_19,chroma,multimodal,cosine,0.8,0.19999999999999996,l2,5,10,1.4857079950161278,0.2,1.0,1.0
1,cv_20,chroma,multimodal,cosine,0.8,0.19999999999999996,l2,5,10,1.7153340158984065,0.2,1.0,1.0
1,cv_21,chroma,multimodal,cosine,0.8,0.19999999999999996,l2,5,10,8.822333009447902,0.2,1.0,0.38685280723454163
1,cv_22,chroma,multimodal,cosine,0.8,0.19999999999999996,l2,5,10,7.918499992229044,0.4,1.0,1.0
1,cv_23,chroma,multimodal,cosine,0.8,0.19999999999999996,l2,5,10,12.232334003783762,0.2,1.0,1.0
1,cv_24,chroma,multimodal,cosine,0.8,0.19999999999999996,l2,5,10,10.500166972633451,0.2,0.5,0.6131471927654584
1,cv_25,chroma,multimodal,cosine,0.8,0.19999999999999996,l2,5,10,18.111916026100516,0.2,1.0,1.0
1,cv_26,chroma,multimodal,cosine,0.8,0.19999999999999996,l2,5,10,18.45591701567173,0.2,1.0,1.0
1,cv_27,chroma,multimodal,cosine,0.8,0.19999999999999996,l2,5,10,13.349207991268486,0.2,0.5,0.8262346571285599
1,cv_28,chroma,multimodal,cosine,0.8,0.19999999999999996,l2,5,10,14.285040961112827,0.2,1.0,1.0
1,cv_29,chroma,multimodal,cosine,0.8,0.19999999999999996,l2,5,10,15.041292004752904,0.2,1.0,0.5
1,cv_30,chroma,multimodal,cosine,0.8,0.19999999999999996,l2,5,10,16.183791973162442,0.2,1.0,1.0
1,cv_01,chroma,multimodal,cosine,0.7,0.30000000000000004,l2,5,10,12.12416699854657,0.4,1.0,0.9639404333166532
1,cv_02,chroma,multimodal,cosine,0.7,0.30000000000000004,l2,5,10,14.479583012871444,0.4,1.0,0.9639404333166532
1,cv_03,chroma,multimodal,cosine,0.7,0.30000000000000004,l2,5,10,11.277209036052227,0.4,1.0,0.9327783893101107
1,cv_04,chroma,multimodal,cosine,0.7,0.30000000000000004,l2,5,10,10.552291991189122,0.4,1.0,0.944847956559586
1,cv_05,chroma,multimodal,cosine,0.7,0.30000000000000004,l2,5,10,9.570624970365316,0.2,0.5,0.8262346571285599
1,cv_06,chroma,multimodal,cosine,0.7,0.30000000000000004,l2,5,10,15.029541042167693,0.2,0.5,0.8262346571285599
1,cv_07,chroma,multimodal,cosine,0.7,0.30000000000000004,l2,5,10,14.295917004346848,0.2,1.0,0.6309297535714575
1,cv_08,chroma,multimodal,cosine,0.7,0.30000000000000004,l2,5,10,6.16795796668157,0.2,1.0,1.0
1,cv_09,chroma,multimodal,cosine,0.7,0.30000000000000004,l2,5,10,11.583457991946489,0.4,1.0,0.9327783893101107
1,cv_10,chroma,multimodal,cosine,0.7,0.30000000000000004,l2,5,10,4.299374995753169,0.4,1.0,1.0
1,cv_11,chroma,multimodal,cosine,0.7,0.30000000000000004,l2,5,10,6.952958996407688,0.2,0.5,0.6131471927654584
1,cv_12,chroma,multimodal,cosine,0.7,0.30000000000000004,l2,5,10,16.42887498019263,0.4,1.0,1.0
1,cv_13,chroma,multimodal,cosine,0.7,0.30000000000000004,l2,5,10,14.461875020060688,0.2,1.0,1.0
1,cv_14,chroma,multimodal,cosine,0.7,0.30000000000000004,l2,5,10,14.24908300396055,0.4,1.0,1.0
1,cv_15,chroma,multimodal,cosine,0.7,0.30000000000000004,l2,5,10,14.758291014004499,0.2,1.0,1.0
1,cv_16,chroma,multimodal,cosine,0.7,0.30000000000000004,l2,5,10,17.44295802200213,0.4,1.0,1.0
1,cv_17,chroma,multimodal,cosine,0.7,0.30000000000000004,l2,5,10,6.775958987418562,0.4,1.0,1.0
1,cv_18,chroma,multimodal,cosine,0.7,0.30000000000000004,l2,5,10,22.04275003168732,0.4,1.0,1.0
1,cv_19,chroma,multimodal,cosine,0.7,0.30000000000000004,l2,5,10,16.172458010260016,0.2,1.0,1.0
1,cv_20,chroma,multimodal,cosine,0.7,0.30000000000000004,l2,5,10,14.424916007556021,0.2,1.0,1.0
1,cv_21,chroma,multimodal,cosine,0.7,0.30000000000000004,l2,5,10,13.05975002469495,0.2,1.0,1.0
1,cv_22,chroma,multimodal,cosine,0.7,0.30000000000000004,l2,5,10,9.039833035785705,0.4,1.0,1.0
1,cv_23,chroma,multimodal,cosine,0.7,0.30000000000000004,l2,5,10,10.396333003882319,0.2,1.0,1.0
1,cv_24,chroma,multimodal,cosine,0.7,0.30000000000000004,l2,5,10,8.684958040248603,0.2,0.5,0.6131471927654584
1,cv_25,chroma,multimodal,cosine,0.7,0.30000000000000004,l2,5,10,8.748500025831163,0.2,1.0,1.0
1,cv_26,chroma,multimodal,cosine,0.7,0.30000000000000004,l2,5,10,11.762332986108959,0.2,1.0,1.0
1,cv_27,chroma,multimodal,cosine,0.7,0.30000000000000004,l2,5,10,8.86783399619162,0.2,0.5,0.8262346571285599
1,cv_28,chroma,multimodal,cosine,0.7,0.30000000000000004,l2,5,10,4.298500018194318,0.2,1.0,1.0
1,cv_29,chroma,multimodal,cosine,0.7,0.30000000000000004,l2,5,10,9.087916987482458,0.2,1.0,0.5
1,cv_30,chroma,multimodal,cosine,0.7,0.30000000000000004,l2,5,10,11.35820901254192,0.2,1.0,1.0
1,cv_01,chroma,multimodal,cosine,0.6,0.4,l2,5,10,1.78995804162696,0.4,1.0,0.9639404333166532
1,cv_02,chroma,multimodal,cosine,0.6,0.4,l2,5,10,1.6298749833367765,0.4,1.0,0.9639404333166532
1,cv_03,chroma,multimodal,cosine,0.6,0.4,l2,5,10,1.6507499967701733,0.4,1.0,0.9327783893101107
1,cv_04,chroma,multimodal,cosine,0.6,0.4,l2,5,10,6.17862498620525,0.4,1.0,0.944847956559586
1,cv_05,chroma,multimodal,cosine,0.6,0.4,l2,5,10,12.05987500725314,0.2,0.5,0.8262346571285599
1,cv_06,chroma,multimodal,cosine,0.6,0.4,l2,5,10,13.450875005219132,0.2,0.5,0.8262346571285599
1,cv_07,chroma,multimodal,cosine,0.6,0.4,l2,5,10,11.468707991298288,0.2,1.0,0.6309297535714575
1,cv_08,chroma,multimodal,cosine,0.6,0.4,l2,5,10,10.142875020392239,0.2,1.0,1.0
1,cv_09,chroma,multimodal,cosine,0.6,0.4,l2,5,10,21.05483296327293,0.4,1.0,0.9327783893101107
1,cv_10,chroma,multimodal,cosine,0.6,0.4,l2,5,10,16.92420896142721,0.4,1.0,1.0
1,cv_11,chroma,multimodal,cosine,0.6,0.4,l2,5,10,13.713583000935614,0.2,0.5,0.6131471927654584
1,cv_12,chroma,multimodal,cosine,0.6,0.4,l2,5,10,9.70299995969981,0.4,1.0,1.0
1,cv_13,chroma,multimodal,cosine,0.6,0.4,l2,5,10,15.153540996834636,0.2,1.0,1.0
1,cv_14,chroma,multimodal,cosine,0.6,0.4,l2,5,10,18.736541038379073,0.4,1.0,1.0
1,cv_15,chroma,multimodal,cosine,0.6,0.4,l2,5,10,20.591417036484927,0.2,1.0,1.0
1,cv_16,chroma,multimodal,cosine,0.6,0.4,l2,5,10,11.27183297649026,0.4,1.0,1.0
1,cv_17,chroma,multimodal,cosine,0.6,0.4,l2,5,10,11.792125005740672,0.4,1.0,1.0
1,cv_18,chroma,multimodal,cosine,0.6,0.4,l2,5,10,14.269332983531058,0.4,1.0,0.7967075809905066
1,cv_19,chroma,multimodal,cosine,0.6,0.4,l2,5,10,9.198667015880346,0.2,1.0,1.0
1,cv_20,chroma,multimodal,cosine,0.6,0.4,l2,5,10,12.006375007331371,0.2,1.0,1.0
1,cv_21,chroma,multimodal,cosine,0.6,0.4,l2,5,10,15.545875008683652,0.2,1.0,1.0
1,cv_22,chroma,multimodal,cosine,0.6,0.4,l2,5,10,10.67812496330589,0.4,1.0,1.0
1,cv_23,chroma,multimodal,cosine,0.6,0.4,l2,5,10,14.716124976985157,0.2,1.0,1.0
1,cv_24,chroma,multimodal,cosine,0.6,0.4,l2,5,10,11.23666699277237,0.2,0.5,0.6131471927654584
1,cv_25,chroma,multimodal,cosine,0.6,0.4,l2,5,10,11.110124993138015,0.2,1.0,1.0
1,cv_26,chroma,multimodal,cosine,0.6,0.4,l2,5,10,22.833207971416414,0.2,1.0,1.0
1,cv_27,chroma,multimodal,cosine,0.6,0.4,l2,5,10,19.186167046427727,0.2,0.5,0.8262346571285599
1,cv_28,chroma,multimodal,cosine,0.6,0.4,l2,5,10,16.897124995011836,0.2,1.0,1.0
1,cv_29,chroma,multimodal,cosine,0.6,0.4,l2,5,10,20.669499994255602,0.2,1.0,0.5
1,cv_30,chroma,multimodal,cosine,0.6,0.4,l2,5,10,18.40908295707777,0.2,1.0,1.0
1,cv_01,chroma,multimodal,cosine,0.5,0.5,l2,5,10,10.09404199430719,0.4,1.0,0.9639404333166532
1,cv_02,chroma,multimodal,cosine,0.5,0.5,l2,5,10,8.679708989802748,0.4,1.0,0.9639404333166532
1,cv_03,chroma,multimodal,cosine,0.5,0.5,l2,5,10,12.207958032377064,0.4,1.0,0.9327783893101107
1,cv_04,chroma,multimodal,cosine,0.5,0.5,l2,5,10,10.556916997302324,0.4,1.0,0.944847956559586
1,cv_05,chroma,multimodal,cosine,0.5,0.5,l2,5,10,16.68404199881479,0.2,0.5,0.8262346571285599
1,cv_06,chroma,multimodal,cosine,0.5,0.5,l2,5,10,16.286582977045327,0.2,0.5,0.8262346571285599
1,cv_07,chroma,multimodal,cosine,0.5,0.5,l2,5,10,22.035166970454156,0.2,1.0,0.6309297535714575
1,cv_08,chroma,multimodal,cosine,0.5,0.5,l2,5,10,18.221332982648164,0.2,1.0,1.0
1,cv_09,chroma,multimodal,cosine,0.5,0.5,l2,5,10,15.719542047008872,0.4,1.0,0.9327783893101107
1,cv_10,chroma,multimodal,cosine,0.5,0.5,l2,5,10,17.536917002871633,0.4,1.0,1.0
1,cv_11,chroma,multimodal,cosine,0.5,0.5,l2,5,10,19.736582995392382,0.2,0.5,0.6131471927654584
1,cv_12,chroma,multimodal,cosine,0.5,0.5,l2,5,10,12.232666020281613,0.4,1.0,0.9639404333166532
1,cv_13,chroma,multimodal,cosine,0.5,0.5,l2,5,10,11.68154098559171,0.2,1.0,1.0
1,cv_14,chroma,multimodal,cosine,0.5,0.5,l2,5,10,12.837707996368408,0.4,1.0,1.0
1,cv_15,chroma,multimodal,cosine,0.5,0.5,l2,5,10,12.725209002383053,0.2,1.0,1.0
1,cv_16,chroma,multimodal,cosine,0.5,0.5,l2,5,10,15.084457991179079,0.4,1.0,1.0
1,cv_17,chroma,multimodal,cosine,0.5,0.5,l2,5,10,11.148083955049515,0.4,1.0,1.0
1,cv_18,chroma,multimodal,cosine,0.5,0.5,l2,5,10,12.86658295430243,0.4,1.0,0.7967075809905066
1,cv_19,chroma,multimodal,cosine,0.5,0.5,l2,5,10,13.019416946917772,0.2,1.0,1.0
1,cv_20,chroma,multimodal,cosine,0.5,0.5,l2,5,10,10.230874991975725,0.2,1.0,1.0
1,cv_21,chroma,multimodal,cosine,0.5,0.5,l2,5,10,15.19712497247383,0.2,1.0,1.0
1,cv_22,chroma,multimodal,cosine,0.5,0.5,l2,5,10,16.71633403748274,0.4,1.0,1.0
1,cv_23,chroma,multimodal,cosine,0.5,0.5,l2,5,10,18.982250010594726,0.2,1.0,1.0
1,cv_24,chroma,multimodal,cosine,0.5,0.5,l2,5,10,15.204124967567623,0.2,0.5,0.6131471927654584
1,cv_25,chroma,multimodal,cosine,0.5,0.5,l2,5,10,14.026082993950695,0.2,1.0,1.0
1,cv_26,chroma,multimodal,cosine,0.5,0.5,l2,5,10,14.7179170162417,0.2,1.0,1.0
1,cv_27,chroma,multimodal,cosine,0.5,0.5,l2,5,10,24.545709020458162,0.2,0.5,0.8262346571285599
1,cv_28,chroma,multimodal,cosine,0.5,0.5,l2,5,10,18.26116698794067,0.2,1.0,1.0
1,cv_29,chroma,multimodal,cosine,0.5,0.5,l2,5,10,13.885874999687076,0.2,1.0,0.5
1,cv_30,chroma,multimodal,cosine,0.5,0.5,l2,5,10,14.524959027767181,0.2,1.0,1.0
1,cv_01,chroma,multimodal,euclidean,0.8,0.19999999999999996,l2,5,10,12.464834027923644,0.4,1.0,0.9639404333166532
1,cv_02,chroma,multimodal,euclidean,0.8,0.19999999999999996,l2,5,10,9.302417049184442,0.4,1.0,0.9639404333166532
1,cv_03,chroma,multimodal,euclidean,0.8,0.19999999999999996,l2,5,10,14.005666016601026,0.4,1.0,0.9327783893101107
1,cv_04,chroma,multimodal,euclidean,0.8,0.19999999999999996,l2,5,10,11.793832993134856,0.4,1.0,0.944847956559586
1,cv_05,chroma,multimodal,euclidean,0.8,0.19999999999999996,l2,5,10,11.804291978478432,0.2,0.5,0.8262346571285599
1,cv_06,chroma,multimodal,euclidean,0.8,0.19999999999999996,l2,5,10,15.606458997353911,0.2,0.5,0.8262346571285599
1,cv_07,chroma,multimodal,euclidean,0.8,0.19999999999999996,l2,5,10,20.668749988544732,0.2,1.0,0.6309297535714575
1,cv_08,chroma,multimodal,euclidean,0.8,0.19999999999999996,l2,5,10,17.402291006874293,0.2,1.0,1.0
1,cv_09,chroma,multimodal,euclidean,0.8,0.19999999999999996,l2,5,10,17.218541994225234,0.4,1.0,0.9327783893101107
1,cv_10,chroma,multimodal,euclidean,0.8,0.19999999999999996,l2,5,10,16.255083959549665,0.4,1.0,1.0
1,cv_11,chroma,multimodal,euclidean,0.8,0.19999999999999996,l2,5,10,16.380208951886743,0.2,0.5,0.6131471927654584
1,cv_12,chroma,multimodal,euclidean,0.8,0.19999999999999996,l2,5,10,15.218916989397258,0.4,1.0,1.0
1,cv_13,chroma,multimodal,euclidean,0.8,0.19999999999999996,l2,5,10,16.328917001374066,0.2,1.0,1.0
1,cv_14,chroma,multimodal,euclidean,0.8,0.19999999999999996,l2,5,10,15.441958035808057,0.4,1.0,1.0
1,cv_15,chroma,multimodal,euclidean,0.8,0.19999999999999996,l2,5,10,22.044625016860664,0.2,1.0,1.0
1,cv_16,chroma,multimodal,euclidean,0.8,0.19999999999999996,l2,5,10,18.446624977514148,0.4,1.0,1.0
1,cv_17,chroma,multimodal,euclidean,0.8,0.19999999999999996,l2,5,10,15.595959033817053,0.4,1.0,1.0
1,cv_18,chroma,multimodal,euclidean,0.8,0.19999999999999996,l2,5,10,14.857791014946997,0.4,1.0,0.7967075809905066
1,cv_19,chroma,multimodal,euclidean,0.8,0.19999999999999996,l2,5,10,15.847874979954213,0.2,1.0,1.0
1,cv_20,chroma,multimodal,euclidean,0.8,0.19999999999999996,l2,5,10,9.033167036250234,0.2,1.0,1.0
1,cv_21,chroma,multimodal,euclidean,0.8,0.19999999999999996,l2,5,10,10.271417035255581,0.2,1.0,1.0
1,cv_22,chroma,multimodal,euclidean,0.8,0.19999999999999996,l2,5,10,12.2849170002155,0.4,1.0,1.0
1,cv_23,chroma,multimodal,euclidean,0.8,0.19999999999999996,l2,5,10,13.322958955541253,0.2,1.0,1.0
1,cv_24,chroma,multimodal,euclidean,0.8,0.19999999999999996,l2,5,10,8.407457964494824,0.2,0.5,0.6131471927654584
1,cv_25,chroma,multimodal,euclidean,0.8,0.19999999999999996,l2,5,10,14.529708016198128,0.2,1.0,1.0
1,cv_26,chroma,multimodal,euclidean,0.8,0.19999999999999996,l2,5,10,10.701291961595416,0.2,1.0,1.0
1,cv_27,chroma,multimodal,euclidean,0.8,0.19999999999999996,l2,5,10,8.094249991700053,0.2,0.5,0.8262346571285599
1,cv_28,chroma,multimodal,euclidean,0.8,0.19999999999999996,l2,5,10,11.102333024609834,0.2,1.0,1.0
1,cv_29,chroma,multimodal,euclidean,0.8,0.19999999999999996,l2,5,10,11.607458000071347,0.2,1.0,0.5
1,cv_30,chroma,multimodal,euclidean,0.8,0.19999999999999996,l2,5,10,15.452167019248009,0.2,1.0,1.0
1,cv_01,chroma,multimodal,euclidean,0.7,0.30000000000000004,l2,5,10,18.9803329994902,0.4,1.0,0.9639404333166532
1,cv_02,chroma,multimodal,euclidean,0.7,0.30000000000000004,l2,5,10,12.513833004049957,0.4,1.0,0.9639404333166532
1,cv_03,chroma,multimodal,euclidean,0.7,0.30000000000000004,l2,5,10,15.395333000924438,0.4,1.0,0.9327783893101107
1,cv_04,chroma,multimodal,euclidean,0.7,0.30000000000000004,l2,5,10,19.77499999338761,0.4,1.0,0.944847956559586
1,cv_05,chroma,multimodal,euclidean,0.7,0.30000000000000004,l2,5,10,20.57108300505206,0.2,0.5,0.8262346571285599
1,cv_06,chroma,multimodal,euclidean,0.7,0.30000000000000004,l2,5,10,2.657208009622991,0.2,0.5,0.8262346571285599
1,cv_07,chroma,multimodal,euclidean,0.7,0.30000000000000004,l2,5,10,16.198833007365465,0.2,1.0,0.6309297535714575
1,cv_08,chroma,multimodal,euclidean,0.7,0.30000000000000004,l2,5,10,10.614833037834615,0.2,1.0,1.0
1,cv_09,chroma,multimodal,euclidean,0.7,0.30000000000000004,l2,5,10,12.909624958410859,0.4,1.0,0.9327783893101107
1,cv_10,chroma,multimodal,euclidean,0.7,0.30000000000000004,l2,5,10,7.596499985083938,0.4,1.0,1.0
1,cv_11,chroma,multimodal,euclidean,0.7,0.30000000000000004,l2,5,10,12.657124956604093,0.2,0.5,0.6131471927654584
1,cv_12,chroma,multimodal,euclidean,0.7,0.30000000000000004,l2,5,10,10.764666018076241,0.4,1.0,0.9639404333166532
1,cv_13,chroma,multimodal,euclidean,0.7,0.30000000000000004,l2,5,10,12.353166996035725,0.2,1.0,1.0
1,cv_14,chroma,multimodal,euclidean,0.7,0.30000000000000004,l2,5,10,10.58974995976314,0.4,1.0,1.0
1,cv_15,chroma,multimodal,euclidean,0.7,0.30000000000000004,l2,5,10,11.517000035382807,0.2,1.0,1.0
1,cv_16,chroma,multimodal,euclidean,0.7,0.30000000000000004,l2,5,10,10.36470802500844,0.4,1.0,1.0
1,cv_17,chroma,multimodal,euclidean,0.7,0.30000000000000004,l2,5,10,9.642000019084662,0.4,1.0,1.0
1,cv_18,chroma,multimodal,euclidean,0.7,0.30000000000000004,l2,5,10,12.183209008071572,0.4,1.0,0.7967075809905066
1,cv_19,chroma,multimodal,euclidean,0.7,0.30000000000000004,l2,5,10,17.14320800965652,0.2,1.0,1.0
1,cv_20,chroma,multimodal,euclidean,0.7,0.30000000000000004,l2,5,10,11.362750025000423,0.2,1.0,1.0
1,cv_21,chroma,multimodal,euclidean,0.7,0.30000000000000004,l2,5,10,11.695625027641654,0.2,1.0,1.0
1,cv_22,chroma,multimodal,euclidean,0.7,0.30000000000000004,l2,5,10,14.222958008758724,0.4,1.0,1.0
1,cv_23,chroma,multimodal,euclidean,0.7,0.30000000000000004,l2,5,10,13.954541995190084,0.2,1.0,1.0
1,cv_24,chroma,multimodal,euclidean,0.7,0.30000000000000004,l2,5,10,9.685583005193621,0.2,0.5,0.6131471927654584
1,cv_25,chroma,multimodal,euclidean,0.7,0.30000000000000004,l2,5,10,15.627582964953035,0.2,1.0,1.0
1,cv_26,chroma,multimodal,euclidean,0.7,0.30000000000000004,l2,5,10,16.90483296988532,0.2,1.0,1.0
1,cv_27,chroma,multimodal,euclidean,0.7,0.30000000000000004,l2,5,10,16.880457988008857,0.2,0.5,0.8262346571285599
1,cv_28,chroma,multimodal,euclidean,0.7,0.30000000000000004,l2,5,10,15.148999984376132,0.2,1.0,1.0
1,cv_29,chroma,multimodal,euclidean,0.7,0.30000000000000004,l2,5,10,18.474708020221442,0.2,1.0,0.5
1,cv_30,chroma,multimodal,euclidean,0.7,0.30000000000000004,l2,5,10,19.349707989022136,0.2,1.0,1.0
1,cv_01,chroma,multimodal,euclidean,0.6,0.4,l2,5,10,1.701125002000481,0.4,1.0,0.9639404333166532
1,cv_02,chroma,multimodal,euclidean,0.6,0.4,l2,5,10,1.4084590366110206,0.4,1.0,0.9639404333166532
1,cv_03,chroma,multimodal,euclidean,0.6,0.4,l2,5,10,1.6844159690663218,0.4,1.0,0.9327783893101107
1,cv_04,chroma,multimodal,euclidean,0.6,0.4,l2,5,10,1.9025839865207672,0.4,1.0,0.944847956559586
1,cv_05,chroma,multimodal,euclidean,0.6,0.4,l2,5,10,1.6641250113025308,0.2,0.5,0.8262346571285599
1,cv_06,chroma,multimodal,euclidean,0.6,0.4,l2,5,10,1.4338339678943157,0.2,0.5,0.8262346571285599
1,cv_07,chroma,multimodal,euclidean,0.6,0.4,l2,5,10,1.5606249799020588,0.2,1.0,0.6309297535714575
1,cv_08,chroma,multimodal,euclidean,0.6,0.4,l2,5,10,1.5360830002464354,0.2,1.0,1.0
1,cv_09,chroma,multimodal,euclidean,0.6,0.4,l2,5,10,1.4476669603027403,0.4,1.0,0.9327783893101107
1,cv_10,chroma,multimodal,euclidean,0.6,0.4,l2,5,10,1.4701249892823398,0.4,1.0,1.0
1,cv_11,chroma,multimodal,euclidean,0.6,0.4,l2,5,10,2.1213750005699694,0.2,0.5,0.6131471927654584
1,cv_12,chroma,multimodal,euclidean,0.6,0.4,l2,5,10,1.5308750444091856,0.4,1.0,0.9639404333166532
1,cv_13,chroma,multimodal,euclidean,0.6,0.4,l2,5,10,1.4429999864660203,0.2,1.0,1.0
1,cv_14,chroma,multimodal,euclidean,0.6,0.4,l2,5,10,1.7483750125393271,0.4,1.0,1.0
1,cv_15,chroma,multimodal,euclidean,0.6,0.4,l2,5,10,1.7068329616449773,0.2,1.0,1.0
1,cv_16,chroma,multimodal,euclidean,0.6,0.4,l2,5,10,1.4722499763593078,0.4,1.0,1.0
1,cv_17,chroma,multimodal,euclidean,0.6,0.4,l2,5,10,1.4790419954806566,0.4,1.0,1.0
1,cv_18,chroma,multimodal,euclidean,0.6,0.4,l2,5,10,1.7903750413097441,0.4,1.0,0.7967075809905066
1,cv_19,chroma,multimodal,euclidean,0.6,0.4,l2,5,10,1.8427909817546606,0.2,1.0,1.0
1,cv_20,chroma,multimodal,euclidean,0.6,0.4,l2,5,10,2.0116670057177544,0.2,1.0,1.0
1,cv_21,chroma,multimodal,euclidean,0.6,0.4,l2,5,10,1.9855839782394469,0.2,1.0,1.0
1,cv_22,chroma,multimodal,euclidean,0.6,0.4,l2,5,10,1.778624951839447,0.4,1.0,1.0
1,cv_23,chroma,multimodal,euclidean,0.6,0.4,l2,5,10,1.5117920120246708,0.2,1.0,1.0
1,cv_24,chroma,multimodal,euclidean,0.6,0.4,l2,5,10,1.6587089630775154,0.2,0.5,0.6131471927654584
1,cv_25,chroma,multimodal,euclidean,0.6,0.4,l2,5,10,1.4889590092934668,0.2,1.0,1.0
1,cv_26,chroma,multimodal,euclidean,0.6,0.4,l2,5,10,1.3086249819025397,0.2,1.0,1.0
1,cv_27,chroma,multimodal,euclidean,0.6,0.4,l2,5,10,1.8288329592905939,0.2,0.5,0.8262346571285599
1,cv_28,chroma,multimodal,euclidean,0.6,0.4,l2,5,10,1.1210829834453762,0.2,1.0,1.0
1,cv_29,chroma,multimodal,euclidean,0.6,0.4,l2,5,10,1.643375027924776,0.2,1.0,0.5
1,cv_30,chroma,multimodal,euclidean,0.6,0.4,l2,5,10,1.446041977033019,0.2,1.0,1.0
1,cv_01,chroma,multimodal,euclidean,0.5,0.5,l2,5,10,14.49991698609665,0.4,1.0,0.9639404333166532
1,cv_02,chroma,multimodal,euclidean,0.5,0.5,l2,5,10,19.10024997778237,0.4,1.0,0.9639404333166532
1,cv_03,chroma,multimodal,euclidean,0.5,0.5,l2,5,10,1.743166008964181,0.4,1.0,0.9327783893101107
1,cv_04,chroma,multimodal,euclidean,0.5,0.5,l2,5,10,1.7602500156499445,0.4,1.0,0.944847956559586
1,cv_05,chroma,multimodal,euclidean,0.5,0.5,l2,5,10,1.46566703915596,0.2,0.5,0.8262346571285599
1,cv_06,chroma,multimodal,euclidean,0.5,0.5,l2,5,10,1.8649169942364097,0.2,0.5,0.8262346571285599
1,cv_07,chroma,multimodal,euclidean,0.5,0.5,l2,5,10,1.867666025646031,0.2,1.0,0.6309297535714575
1,cv_08,chroma,multimodal,euclidean,0.5,0.5,l2,5,10,1.531332964077592,0.2,1.0,1.0
1,cv_09,chroma,multimodal,euclidean,0.5,0.5,l2,5,10,1.5043330495245755,0.4,1.0,0.9327783893101107
1,cv_10,chroma,multimodal,euclidean,0.5,0.5,l2,5,10,1.9396250136196613,0.4,1.0,1.0
1,cv_11,chroma,multimodal,euclidean,0.5,0.5,l2,5,10,1.6569169820286334,0.2,0.5,0.6131471927654584
1,cv_12,chroma,multimodal,euclidean,0.5,0.5,l2,5,10,1.4548339531756938,0.4,1.0,0.9639404333166532
1,cv_13,chroma,multimodal,euclidean,0.5,0.5,l2,5,10,1.761291001457721,0.2,1.0,1.0
1,cv_14,chroma,multimodal,euclidean,0.5,0.5,l2,5,10,17.85608404316008,0.4,1.0,1.0
1,cv_15,chroma,multimodal,euclidean,0.5,0.5,l2,5,10,20.12904197908938,0.2,1.0,1.0
1,cv_16,chroma,multimodal,euclidean,0.5,0.5,l2,5,10,16.72445802250877,0.4,1.0,1.0
1,cv_17,chroma,multimodal,euclidean,0.5,0.5,l2,5,10,15.483750030398369,0.4,1.0,1.0
1,cv_18,chroma,multimodal,euclidean,0.5,0.5,l2,5,10,18.104499962646514,0.4,1.0,0.7967075809905066
1,cv_19,chroma,multimodal,euclidean,0.5,0.5,l2,5,10,19.146082981023937,0.2,1.0,1.0
1,cv_20,chroma,multimodal,euclidean,0.5,0.5,l2,5,10,17.099999997299165,0.2,1.0,1.0
1,cv_21,chroma,multimodal,euclidean,0.5,0.5,l2,5,10,18.45570799196139,0.2,1.0,1.0
1,cv_22,chroma,multimodal,euclidean,0.5,0.5,l2,5,10,7.801458006724715,0.4,1.0,1.0
1,cv_23,chroma,multimodal,euclidean,0.5,0.5,l2,5,10,11.292667011730373,0.2,1.0,1.0
1,cv_24,chroma,multimodal,euclidean,0.5,0.5,l2,5,10,13.009334041271359,0.2,0.5,0.6131471927654584
1,cv_25,chroma,multimodal,euclidean,0.5,0.5,l2,5,10,8.87345802038908,0.2,1.0,1.0
1,cv_26,chroma,multimodal,euclidean,0.5,0.5,l2,5,10,4.691166977863759,0.2,1.0,1.0
1,cv_27,chroma,multimodal,euclidean,0.5,0.5,l2,5,10,9.59741702536121,0.2,0.5,0.8262346571285599
1,cv_28,chroma,multimodal,euclidean,0.5,0.5,l2,5,10,3.8472500164061785,0.2,1.0,1.0
1,cv_29,chroma,multimodal,euclidean,0.5,0.5,l2,5,10,2.9817919712513685,0.2,1.0,0.5
1,cv_30,chroma,multimodal,euclidean,0.5,0.5,l2,5,10,11.728125042282045,0.2,1.0,1.0
