query_id,doc_id,candidate_skills,candidate_experience_years,candidate_summary,job_title,job_required_skills,job_required_experience,job_remote_policy,shared_skill_count_HINT,stratum_HINT,grade_annotator1,grade_annotator2,adjudicated_grade,annotator_rationale
cv_01,job_04,Python; Machine Learning; AWS,3,"Rahul Sharma is a machine learning engineer with 3 years of experience in Python, AWS, and applied ML systems. He has worked on automation, cloud integrations, and production-facing software workflows.",Data Analyst,Python; Pandas,1,True,1,hard_negative,,,,
cv_01,job_06,Python; Machine Learning; AWS,3,"Rahul Sharma is a machine learning engineer with 3 years of experience in Python, AWS, and applied ML systems. He has worked on automation, cloud integrations, and production-facing software workflows.",NLP Engineer,Python; NLP; Transformers,3,True,1,hard_negative,,,,
cv_04,job_01,Python; Pandas; Data Visualization,2,"Data analyst skilled in Python, Pandas and visualization tools.",Machine Learning Engineer,Python; Machine Learning; TensorFlow,2,True,1,hard_negative,,,,
cv_04,job_06,Python; Pandas; Data Visualization,2,"Data analyst skilled in Python, Pandas and visualization tools.",NLP Engineer,Python; NLP; Transformers,3,True,1,hard_negative,,,,
cv_06,job_04,TensorFlow; Deep Learning; Python,4,Deep learning engineer with TensorFlow and neural network experience.,Data Analyst,Python; Pandas,1,True,1,hard_negative,,,,
cv_12,job_04,Python; NLP; Transformers,4,NLP engineer experienced in transformer-based language models.,Data Analyst,Python; Pandas,1,True,1,hard_negative,,,,
cv_14,job_06,Python; Statistics; Machine Learning,2,Junior ML engineer with strong statistical background.,NLP Engineer,Python; NLP; Transformers,3,True,1,hard_negative,,,,
cv_18,job_06,Data Science; Python; Scikit-learn,3,Data scientist experienced in predictive modeling.,NLP Engineer,Python; NLP; Transformers,3,True,1,hard_negative,,,,
cv_21,job_01,Python; Flask; Backend Development,2,Backend developer experienced in Flask and REST APIs.,Machine Learning Engineer,Python; Machine Learning; TensorFlow,2,True,1,hard_negative,,,,
cv_21,job_06,Python; Flask; Backend Development,2,Backend developer experienced in Flask and REST APIs.,NLP Engineer,Python; NLP; Transformers,3,True,1,hard_negative,,,,
cv_01,job_02,Python; Machine Learning; AWS,3,"Rahul Sharma is a machine learning engineer with 3 years of experience in Python, AWS, and applied ML systems. He has worked on automation, cloud integrations, and production-facing software workflows.",Frontend Developer,React; JavaScript,1,True,0,easy_negative,,,,
cv_01,job_03,Python; Machine Learning; AWS,3,"Rahul Sharma is a machine learning engineer with 3 years of experience in Python, AWS, and applied ML systems. He has worked on automation, cloud integrations, and production-facing software workflows.",Backend Engineer,Java; Spring Boot,3,False,0,easy_negative,,,,
cv_01,job_05,Python; Machine Learning; AWS,3,"Rahul Sharma is a machine learning engineer with 3 years of experience in Python, AWS, and applied ML systems. He has worked on automation, cloud integrations, and production-facing software workflows.",DevOps Engineer,Docker; Kubernetes,4,False,0,easy_negative,,,,
cv_01,job_08,Python; Machine Learning; AWS,3,"Rahul Sharma is a machine learning engineer with 3 years of experience in Python, AWS, and applied ML systems. He has worked on automation, cloud integrations, and production-facing software workflows.",Mobile Developer,React Native; Mobile Development,2,True,0,easy_negative,,,,
cv_01,job_09,Python; Machine Learning; AWS,3,"Rahul Sharma is a machine learning engineer with 3 years of experience in Python, AWS, and applied ML systems. He has worked on automation, cloud integrations, and production-facing software workflows.",Cybersecurity Engineer,Cybersecurity; Network Security,4,False,0,easy_negative,,,,
cv_01,job_10,Python; Machine Learning; AWS,3,"Rahul Sharma is a machine learning engineer with 3 years of experience in Python, AWS, and applied ML systems. He has worked on automation, cloud integrations, and production-facing software workflows.",Data Engineer,Spark; Hadoop,3,False,0,easy_negative,,,,
cv_01,job_11,Python; Machine Learning; AWS,3,"Rahul Sharma is a machine learning engineer with 3 years of experience in Python, AWS, and applied ML systems. He has worked on automation, cloud integrations, and production-facing software workflows.",Product Manager,Product Management; Agile,5,True,0,easy_negative,,,,
cv_01,job_12,Python; Machine Learning; AWS,3,"Rahul Sharma is a machine learning engineer with 3 years of experience in Python, AWS, and applied ML systems. He has worked on automation, cloud integrations, and production-facing software workflows.",Blockchain Developer,Blockchain; Solidity,3,False,0,easy_negative,,,,
cv_01,job_13,Python; Machine Learning; AWS,3,"Rahul Sharma is a machine learning engineer with 3 years of experience in Python, AWS, and applied ML systems. He has worked on automation, cloud integrations, and production-facing software workflows.",UI/UX Designer,UI/UX; Figma,2,True,0,easy_negative,,,,
cv_01,job_14,Python; Machine Learning; AWS,3,"Rahul Sharma is a machine learning engineer with 3 years of experience in Python, AWS, and applied ML systems. He has worked on automation, cloud integrations, and production-facing software workflows.",Systems Engineer,C++; System Design,3,False,0,easy_negative,,,,
cv_01,job_15,Python; Machine Learning; AWS,3,"Rahul Sharma is a machine learning engineer with 3 years of experience in Python, AWS, and applied ML systems. He has worked on automation, cloud integrations, and production-facing software workflows.",Business Intelligence Analyst,SQL; Power BI,2,True,0,easy_negative,,,,
cv_02,job_01,React; JavaScript; CSS,2,Frontend developer skilled in React and modern JavaScript frameworks.,Machine Learning Engineer,Python; Machine Learning; TensorFlow,2,True,0,easy_negative,,,,
cv_02,job_03,React; JavaScript; CSS,2,Frontend developer skilled in React and modern JavaScript frameworks.,Backend Engineer,Java; Spring Boot,3,False,0,easy_negative,,,,
cv_02,job_04,React; JavaScript; CSS,2,Frontend developer skilled in React and modern JavaScript frameworks.,Data Analyst,Python; Pandas,1,True,0,easy_negative,,,,
cv_02,job_05,React; JavaScript; CSS,2,Frontend developer skilled in React and modern JavaScript frameworks.,DevOps Engineer,Docker; Kubernetes,4,False,0,easy_negative,,,,
cv_02,job_06,React; JavaScript; CSS,2,Frontend developer skilled in React and modern JavaScript frameworks.,NLP Engineer,Python; NLP; Transformers,3,True,0,easy_negative,,,,
cv_02,job_07,React; JavaScript; CSS,2,Frontend developer skilled in React and modern JavaScript frameworks.,Cloud Architect,AWS; Terraform,5,False,0,easy_negative,,,,
cv_02,job_08,React; JavaScript; CSS,2,Frontend developer skilled in React and modern JavaScript frameworks.,Mobile Developer,React Native; Mobile Development,2,True,0,easy_negative,,,,
cv_02,job_09,React; JavaScript; CSS,2,Frontend developer skilled in React and modern JavaScript frameworks.,Cybersecurity Engineer,Cybersecurity; Network Security,4,False,0,easy_negative,,,,
cv_02,job_10,React; JavaScript; CSS,2,Frontend developer skilled in React and modern JavaScript frameworks.,Data Engineer,Spark; Hadoop,3,False,0,easy_negative,,,,
cv_02,job_11,React; JavaScript; CSS,2,Frontend developer skilled in React and modern JavaScript frameworks.,Product Manager,Product Management; Agile,5,True,0,easy_negative,,,,
cv_02,job_12,React; JavaScript; CSS,2,Frontend developer skilled in React and modern JavaScript frameworks.,Blockchain Developer,Blockchain; Solidity,3,False,0,easy_negative,,,,
cv_02,job_14,React; JavaScript; CSS,2,Frontend developer skilled in React and modern JavaScript frameworks.,Systems Engineer,C++; System Design,3,False,0,easy_negative,,,,
cv_02,job_15,React; JavaScript; CSS,2,Frontend developer skilled in React and modern JavaScript frameworks.,Business Intelligence Analyst,SQL; Power BI,2,True,0,easy_negative,,,,
cv_03,job_01,Java; Spring Boot; Microservices,4,Backend engineer experienced in Java Spring Boot and distributed systems.,Machine Learning Engineer,Python; Machine Learning; TensorFlow,2,True,0,easy_negative,,,,
cv_03,job_02,Java; Spring Boot; Microservices,4,Backend engineer experienced in Java Spring Boot and distributed systems.,Frontend Developer,React; JavaScript,1,True,0,easy_negative,,,,
cv_03,job_04,Java; Spring Boot; Microservices,4,Backend engineer experienced in Java Spring Boot and distributed systems.,Data Analyst,Python; Pandas,1,True,0,easy_negative,,,,
cv_03,job_05,Java; Spring Boot; Microservices,4,Backend engineer experienced in Java Spring Boot and distributed systems.,DevOps Engineer,Docker; Kubernetes,4,False,0,easy_negative,,,,
cv_03,job_06,Java; Spring Boot; Microservices,4,Backend engineer experienced in Java Spring Boot and distributed systems.,NLP Engineer,Python; NLP; Transformers,3,True,0,easy_negative,,,,
cv_03,job_07,Java; Spring Boot; Microservices,4,Backend engineer experienced in Java Spring Boot and distributed systems.,Cloud Architect,AWS; Terraform,5,False,0,easy_negative,,,,
cv_03,job_08,Java; Spring Boot; Microservices,4,Backend engineer experienced in Java Spring Boot and distributed systems.,Mobile Developer,React Native; Mobile Development,2,True,0,easy_negative,,,,
cv_03,job_09,Java; Spring Boot; Microservices,4,Backend engineer experienced in Java Spring Boot and distributed systems.,Cybersecurity Engineer,Cybersecurity; Network Security,4,False,0,easy_negative,,,,
cv_03,job_10,Java; Spring Boot; Microservices,4,Backend engineer experienced in Java Spring Boot and distributed systems.,Data Engineer,Spark; Hadoop,3,False,0,easy_negative,,,,
cv_03,job_11,Java; Spring Boot; Microservices,4,Backend engineer experienced in Java Spring Boot and distributed systems.,Product Manager,Product Management; Agile,5,True,0,easy_negative,,,,
cv_03,job_12,Java; Spring Boot; Microservices,4,Backend engineer experienced in Java Spring Boot and distributed systems.,Blockchain Developer,Blockchain; Solidity,3,False,0,easy_negative,,,,
cv_03,job_13,Java; Spring Boot; Microservices,4,Backend engineer experienced in Java Spring Boot and distributed systems.,UI/UX Designer,UI/UX; Figma,2,True,0,easy_negative,,,,
cv_03,job_15,Java; Spring Boot; Microservices,4,Backend engineer experienced in Java Spring Boot and distributed systems.,Business Intelligence Analyst,SQL; Power BI,2,True,0,easy_negative,,,,
cv_04,job_02,Python; Pandas; Data Visualization,2,"Data analyst skilled in Python, Pandas and visualization tools.",Frontend Developer,React; JavaScript,1,True,0,easy_negative,,,,
cv_04,job_03,Python; Pandas; Data Visualization,2,"Data analyst skilled in Python, Pandas and visualization tools.",Backend Engineer,Java; Spring Boot,3,False,0,easy_negative,,,,
cv_04,job_05,Python; Pandas; Data Visualization,2,"Data analyst skilled in Python, Pandas and visualization tools.",DevOps Engineer,Docker; Kubernetes,4,False,0,easy_negative,,,,
cv_04,job_07,Python; Pandas; Data Visualization,2,"Data analyst skilled in Python, Pandas and visualization tools.",Cloud Architect,AWS; Terraform,5,False,0,easy_negative,,,,
cv_04,job_08,Python; Pandas; Data Visualization,2,"Data analyst skilled in Python, Pandas and visualization tools.",Mobile Developer,React Native; Mobile Development,2,True,0,easy_negative,,,,
cv_04,job_09,Python; Pandas; Data Visualization,2,"Data analyst skilled in Python, Pandas and visualization tools.",Cybersecurity Engineer,Cybersecurity; Network Security,4,False,0,easy_negative,,,,
cv_04,job_10,Python; Pandas; Data Visualization,2,"Data analyst skilled in Python, Pandas and visualization tools.",Data Engineer,Spark; Hadoop,3,False,0,easy_negative,,,,
cv_04,job_11,Python; Pandas; Data Visualization,2,"Data analyst skilled in Python, Pandas and visualization tools.",Product Manager,Product Management; Agile,5,True,0,easy_negative,,,,
cv_04,job_12,Python; Pandas; Data Visualization,2,"Data analyst skilled in Python, Pandas and visualization tools.",Blockchain Developer,Blockchain; Solidity,3,False,0,easy_negative,,,,
cv_04,job_13,Python; Pandas; Data Visualization,2,"Data analyst skilled in Python, Pandas and visualization tools.",UI/UX Designer,UI/UX; Figma,2,True,0,easy_negative,,,,
cv_04,job_14,Python; Pandas; Data Visualization,2,"Data analyst skilled in Python, Pandas and visualization tools.",Systems Engineer,C++; System Design,3,False,0,easy_negative,,,,
cv_05,job_01,Docker; Kubernetes; CI/CD,5,DevOps engineer with strong experience in Docker and Kubernetes deployments.,Machine Learning Engineer,Python; Machine Learning; TensorFlow,2,True,0,easy_negative,,,,
cv_05,job_02,Docker; Kubernetes; CI/CD,5,DevOps engineer with strong experience in Docker and Kubernetes deployments.,Frontend Developer,React; JavaScript,1,True,0,easy_negative,,,,
cv_05,job_03,Docker; Kubernetes; CI/CD,5,DevOps engineer with strong experience in Docker and Kubernetes deployments.,Backend Engineer,Java; Spring Boot,3,False,0,easy_negative,,,,
cv_05,job_04,Docker; Kubernetes; CI/CD,5,DevOps engineer with strong experience in Docker and Kubernetes deployments.,Data Analyst,Python; Pandas,1,True,0,easy_negative,,,,
cv_05,job_06,Docker; Kubernetes; CI/CD,5,DevOps engineer with strong experience in Docker and Kubernetes deployments.,NLP Engineer,Python; NLP; Transformers,3,True,0,easy_negative,,,,
cv_05,job_08,Docker; Kubernetes; CI/CD,5,DevOps engineer with strong experience in Docker and Kubernetes deployments.,Mobile Developer,React Native; Mobile Development,2,True,0,easy_negative,,,,
cv_05,job_09,Docker; Kubernetes; CI/CD,5,DevOps engineer with strong experience in Docker and Kubernetes deployments.,Cybersecurity Engineer,Cybersecurity; Network Security,4,False,0,easy_negative,,,,
cv_05,job_10,Docker; Kubernetes; CI/CD,5,DevOps engineer with strong experience in Docker and Kubernetes deployments.,Data Engineer,Spark; Hadoop,3,False,0,easy_negative,,,,
cv_05,job_11,Docker; Kubernetes; CI/CD,5,DevOps engineer with strong experience in Docker and Kubernetes deployments.,Product Manager,Product Management; Agile,5,True,0,easy_negative,,,,
cv_05,job_12,Docker; Kubernetes; CI/CD,5,DevOps engineer with strong experience in Docker and Kubernetes deployments.,Blockchain Developer,Blockchain; Solidity,3,False,0,easy_negative,,,,
cv_05,job_13,Docker; Kubernetes; CI/CD,5,DevOps engineer with strong experience in Docker and Kubernetes deployments.,UI/UX Designer,UI/UX; Figma,2,True,0,easy_negative,,,,
cv_05,job_14,Docker; Kubernetes; CI/CD,5,DevOps engineer with strong experience in Docker and Kubernetes deployments.,Systems Engineer,C++; System Design,3,False,0,easy_negative,,,,
cv_05,job_15,Docker; Kubernetes; CI/CD,5,DevOps engineer with strong experience in Docker and Kubernetes deployments.,Business Intelligence Analyst,SQL; Power BI,2,True,0,easy_negative,,,,
cv_06,job_02,TensorFlow; Deep Learning; Python,4,Deep learning engineer with TensorFlow and neural network experience.,Frontend Developer,React; JavaScript,1,True,0,easy_negative,,,,
cv_06,job_03,TensorFlow; Deep Learning; Python,4,Deep learning engineer with TensorFlow and neural network experience.,Backend Engineer,Java; Spring Boot,3,False,0,easy_negative,,,,
cv_06,job_05,TensorFlow; Deep Learning; Python,4,Deep learning engineer with TensorFlow and neural network experience.,DevOps Engineer,Docker; Kubernetes,4,False,0,easy_negative,,,,
cv_06,job_07,TensorFlow; Deep Learning; Python,4,Deep learning engineer with TensorFlow and neural network experience.,Cloud Architect,AWS; Terraform,5,False,0,easy_negative,,,,
cv_06,job_08,TensorFlow; Deep Learning; Python,4,Deep learning engineer with TensorFlow and neural network experience.,Mobile Developer,React Native; Mobile Development,2,True,0,easy_negative,,,,
cv_06,job_09,TensorFlow; Deep Learning; Python,4,Deep learning engineer with TensorFlow and neural network experience.,Cybersecurity Engineer,Cybersecurity; Network Security,4,False,0,easy_negative,,,,
cv_06,job_10,TensorFlow; Deep Learning; Python,4,Deep learning engineer with TensorFlow and neural network experience.,Data Engineer,Spark; Hadoop,3,False,0,easy_negative,,,,
cv_06,job_11,TensorFlow; Deep Learning; Python,4,Deep learning engineer with TensorFlow and neural network experience.,Product Manager,Product Management; Agile,5,True,0,easy_negative,,,,
cv_06,job_12,TensorFlow; Deep Learning; Python,4,Deep learning engineer with TensorFlow and neural network experience.,Blockchain Developer,Blockchain; Solidity,3,False,0,easy_negative,,,,
cv_06,job_13,TensorFlow; Deep Learning; Python,4,Deep learning engineer with TensorFlow and neural network experience.,UI/UX Designer,UI/UX; Figma,2,True,0,easy_negative,,,,
cv_06,job_14,TensorFlow; Deep Learning; Python,4,Deep learning engineer with TensorFlow and neural network experience.,Systems Engineer,C++; System Design,3,False,0,easy_negative,,,,
cv_06,job_15,TensorFlow; Deep Learning; Python,4,Deep learning engineer with TensorFlow and neural network experience.,Business Intelligence Analyst,SQL; Power BI,2,True,0,easy_negative,,,,
cv_07,job_01,Node.js; Express; MongoDB,3,Backend developer specializing in Node.js and NoSQL databases.,Machine Learning Engineer,Python; Machine Learning; TensorFlow,2,True,0,easy_negative,,,,
cv_07,job_02,Node.js; Express; MongoDB,3,Backend developer specializing in Node.js and NoSQL databases.,Frontend Developer,React; JavaScript,1,True,0,easy_negative,,,,
cv_07,job_04,Node.js; Express; MongoDB,3,Backend developer specializing in Node.js and NoSQL databases.,Data Analyst,Python; Pandas,1,True,0,easy_negative,,,,
cv_07,job_05,Node.js; Express; MongoDB,3,Backend developer specializing in Node.js and NoSQL databases.,DevOps Engineer,Docker; Kubernetes,4,False,0,easy_negative,,,,
cv_07,job_06,Node.js; Express; MongoDB,3,Backend developer specializing in Node.js and NoSQL databases.,NLP Engineer,Python; NLP; Transformers,3,True,0,easy_negative,,,,
cv_07,job_07,Node.js; Express; MongoDB,3,Backend developer specializing in Node.js and NoSQL databases.,Cloud Architect,AWS; Terraform,5,False,0,easy_negative,,,,
cv_07,job_08,Node.js; Express; MongoDB,3,Backend developer specializing in Node.js and NoSQL databases.,Mobile Developer,React Native; Mobile Development,2,True,0,easy_negative,,,,
cv_07,job_09,Node.js; Express; MongoDB,3,Backend developer specializing in Node.js and NoSQL databases.,Cybersecurity Engineer,Cybersecurity; Network Security,4,False,0,easy_negative,,,,
cv_07,job_10,Node.js; Express; MongoDB,3,Backend developer specializing in Node.js and NoSQL databases.,Data Engineer,Spark; Hadoop,3,False,0,easy_negative,,,,
cv_07,job_11,Node.js; Express; MongoDB,3,Backend developer specializing in Node.js and NoSQL databases.,Product Manager,Product Management; Agile,5,True,0,easy_negative,,,,
cv_07,job_12,Node.js; Express; MongoDB,3,Backend developer specializing in Node.js and NoSQL databases.,Blockchain Developer,Blockchain; Solidity,3,False,0,easy_negative,,,,
cv_07,job_13,Node.js; Express; MongoDB,3,Backend developer specializing in Node.js and NoSQL databases.,UI/UX Designer,UI/UX; Figma,2,True,0,easy_negative,,,,
cv_07,job_14,Node.js; Express; MongoDB,3,Backend developer specializing in Node.js and NoSQL databases.,Systems Engineer,C++; System Design,3,False,0,easy_negative,,,,
cv_07,job_15,Node.js; Express; MongoDB,3,Backend developer specializing in Node.js and NoSQL databases.,Business Intelligence Analyst,SQL; Power BI,2,True,0,easy_negative,,,,
cv_08,job_01,UI/UX; Figma; Design Systems,2,UI/UX designer experienced in building user-centered design systems.,Machine Learning Engineer,Python; Machine Learning; TensorFlow,2,True,0,easy_negative,,,,
cv_08,job_02,UI/UX; Figma; Design Systems,2,UI/UX designer experienced in building user-centered design systems.,Frontend Developer,React; JavaScript,1,True,0,easy_negative,,,,
cv_08,job_03,UI/UX; Figma; Design Systems,2,UI/UX designer experienced in building user-centered design systems.,Backend Engineer,Java; Spring Boot,3,False,0,easy_negative,,,,
cv_08,job_04,UI/UX; Figma; Design Systems,2,UI/UX designer experienced in building user-centered design systems.,Data Analyst,Python; Pandas,1,True,0,easy_negative,,,,
cv_08,job_05,UI/UX; Figma; Design Systems,2,UI/UX designer experienced in building user-centered design systems.,DevOps Engineer,Docker; Kubernetes,4,False,0,easy_negative,,,,
cv_08,job_06,UI/UX; Figma; Design Systems,2,UI/UX designer experienced in building user-centered design systems.,NLP Engineer,Python; NLP; Transformers,3,True,0,easy_negative,,,,
cv_08,job_07,UI/UX; Figma; Design Systems,2,UI/UX designer experienced in building user-centered design systems.,Cloud Architect,AWS; Terraform,5,False,0,easy_negative,,,,
cv_08,job_08,UI/UX; Figma; Design Systems,2,UI/UX designer experienced in building user-centered design systems.,Mobile Developer,React Native; Mobile Development,2,True,0,easy_negative,,,,
cv_08,job_09,UI/UX; Figma; Design Systems,2,UI/UX designer experienced in building user-centered design systems.,Cybersecurity Engineer,Cybersecurity; Network Security,4,False,0,easy_negative,,,,
cv_08,job_10,UI/UX; Figma; Design Systems,2,UI/UX designer experienced in building user-centered design systems.,Data Engineer,Spark; Hadoop,3,False,0,easy_negative,,,,
cv_08,job_11,UI/UX; Figma; Design Systems,2,UI/UX designer experienced in building user-centered design systems.,Product Manager,Product Management; Agile,5,True,0,easy_negative,,,,
cv_08,job_12,UI/UX; Figma; Design Systems,2,UI/UX designer experienced in building user-centered design systems.,Blockchain Developer,Blockchain; Solidity,3,False,0,easy_negative,,,,
cv_08,job_14,UI/UX; Figma; Design Systems,2,UI/UX designer experienced in building user-centered design systems.,Systems Engineer,C++; System Design,3,False,0,easy_negative,,,,
cv_08,job_15,UI/UX; Figma; Design Systems,2,UI/UX designer experienced in building user-centered design systems.,Business Intelligence Analyst,SQL; Power BI,2,True,0,easy_negative,,,,
cv_09,job_01,AWS; Terraform; Cloud Architecture,6,Cloud architect experienced in AWS infrastructure and Terraform automation.,Machine Learning Engineer,Python; Machine Learning; TensorFlow,2,True,0,easy_negative,,,,
cv_09,job_02,AWS; Terraform; Cloud Architecture,6,Cloud architect experienced in AWS infrastructure and Terraform automation.,Frontend Developer,React; JavaScript,1,True,0,easy_negative,,,,
cv_09,job_03,AWS; Terraform; Cloud Architecture,6,Cloud architect experienced in AWS infrastructure and Terraform automation.,Backend Engineer,Java; Spring Boot,3,False,0,easy_negative,,,,
cv_09,job_04,AWS; Terraform; Cloud Architecture,6,Cloud architect experienced in AWS infrastructure and Terraform automation.,Data Analyst,Python; Pandas,1,True,0,easy_negative,,,,
cv_09,job_06,AWS; Terraform; Cloud Architecture,6,Cloud architect experienced in AWS infrastructure and Terraform automation.,NLP Engineer,Python; NLP; Transformers,3,True,0,easy_negative,,,,
cv_09,job_08,AWS; Terraform; Cloud Architecture,6,Cloud architect experienced in AWS infrastructure and Terraform automation.,Mobile Developer,React Native; Mobile Development,2,True,0,easy_negative,,,,
cv_09,job_09,AWS; Terraform; Cloud Architecture,6,Cloud architect experienced in AWS infrastructure and Terraform automation.,Cybersecurity Engineer,Cybersecurity; Network Security,4,False,0,easy_negative,,,,
cv_09,job_10,AWS; Terraform; Cloud Architecture,6,Cloud architect experienced in AWS infrastructure and Terraform automation.,Data Engineer,Spark; Hadoop,3,False,0,easy_negative,,,,
cv_09,job_11,AWS; Terraform; Cloud Architecture,6,Cloud architect experienced in AWS infrastructure and Terraform automation.,Product Manager,Product Management; Agile,5,True,0,easy_negative,,,,
cv_09,job_12,AWS; Terraform; Cloud Architecture,6,Cloud architect experienced in AWS infrastructure and Terraform automation.,Blockchain Developer,Blockchain; Solidity,3,False,0,easy_negative,,,,
cv_09,job_13,AWS; Terraform; Cloud Architecture,6,Cloud architect experienced in AWS infrastructure and Terraform automation.,UI/UX Designer,UI/UX; Figma,2,True,0,easy_negative,,,,
cv_09,job_14,AWS; Terraform; Cloud Architecture,6,Cloud architect experienced in AWS infrastructure and Terraform automation.,Systems Engineer,C++; System Design,3,False,0,easy_negative,,,,
cv_09,job_15,AWS; Terraform; Cloud Architecture,6,Cloud architect experienced in AWS infrastructure and Terraform automation.,Business Intelligence Analyst,SQL; Power BI,2,True,0,easy_negative,,,,
cv_10,job_01,SQL; Power BI; Data Modeling,3,Business intelligence analyst with expertise in SQL and Power BI.,Machine Learning Engineer,Python; Machine Learning; TensorFlow,2,True,0,easy_negative,,,,
cv_10,job_02,SQL; Power BI; Data Modeling,3,Business intelligence analyst with expertise in SQL and Power BI.,Frontend Developer,React; JavaScript,1,True,0,easy_negative,,,,
cv_10,job_03,SQL; Power BI; Data Modeling,3,Business intelligence analyst with expertise in SQL and Power BI.,Backend Engineer,Java; Spring Boot,3,False,0,easy_negative,,,,
cv_10,job_05,SQL; Power BI; Data Modeling,3,Business intelligence analyst with expertise in SQL and Power BI.,DevOps Engineer,Docker; Kubernetes,4,False,0,easy_negative,,,,
cv_10,job_06,SQL; Power BI; Data Modeling,3,Business intelligence analyst with expertise in SQL and Power BI.,NLP Engineer,Python; NLP; Transformers,3,True,0,easy_negative,,,,
cv_10,job_07,SQL; Power BI; Data Modeling,3,Business intelligence analyst with expertise in SQL and Power BI.,Cloud Architect,AWS; Terraform,5,False,0,easy_negative,,,,
cv_10,job_08,SQL; Power BI; Data Modeling,3,Business intelligence analyst with expertise in SQL and Power BI.,Mobile Developer,React Native; Mobile Development,2,True,0,easy_negative,,,,
cv_10,job_09,SQL; Power BI; Data Modeling,3,Business intelligence analyst with expertise in SQL and Power BI.,Cybersecurity Engineer,Cybersecurity; Network Security,4,False,0,easy_negative,,,,
cv_10,job_10,SQL; Power BI; Data Modeling,3,Business intelligence analyst with expertise in SQL and Power BI.,Data Engineer,Spark; Hadoop,3,False,0,easy_negative,,,,
cv_10,job_11,SQL; Power BI; Data Modeling,3,Business intelligence analyst with expertise in SQL and Power BI.,Product Manager,Product Management; Agile,5,True,0,easy_negative,,,,
cv_10,job_12,SQL; Power BI; Data Modeling,3,Business intelligence analyst with expertise in SQL and Power BI.,Blockchain Developer,Blockchain; Solidity,3,False,0,easy_negative,,,,
cv_10,job_13,SQL; Power BI; Data Modeling,3,Business intelligence analyst with expertise in SQL and Power BI.,UI/UX Designer,UI/UX; Figma,2,True,0,easy_negative,,,,
cv_10,job_14,SQL; Power BI; Data Modeling,3,Business intelligence analyst with expertise in SQL and Power BI.,Systems Engineer,C++; System Design,3,False,0,easy_negative,,,,
cv_11,job_01,Go; Microservices; Distributed Systems,5,Golang backend engineer with microservices and distributed systems experience.,Machine Learning Engineer,Python; Machine Learning; TensorFlow,2,True,0,easy_negative,,,,
cv_11,job_02,Go; Microservices; Distributed Systems,5,Golang backend engineer with microservices and distributed systems experience.,Frontend Developer,React; JavaScript,1,True,0,easy_negative,,,,
cv_11,job_04,Go; Microservices; Distributed Systems,5,Golang backend engineer with microservices and distributed systems experience.,Data Analyst,Python; Pandas,1,True,0,easy_negative,,,,
cv_11,job_05,Go; Microservices; Distributed Systems,5,Golang backend engineer with microservices and distributed systems experience.,DevOps Engineer,Docker; Kubernetes,4,False,0,easy_negative,,,,
cv_11,job_06,Go; Microservices; Distributed Systems,5,Golang backend engineer with microservices and distributed systems experience.,NLP Engineer,Python; NLP; Transformers,3,True,0,easy_negative,,,,
cv_11,job_07,Go; Microservices; Distributed Systems,5,Golang backend engineer with microservices and distributed systems experience.,Cloud Architect,AWS; Terraform,5,False,0,easy_negative,,,,
cv_11,job_08,Go; Microservices; Distributed Systems,5,Golang backend engineer with microservices and distributed systems experience.,Mobile Developer,React Native; Mobile Development,2,True,0,easy_negative,,,,
cv_11,job_09,Go; Microservices; Distributed Systems,5,Golang backend engineer with microservices and distributed systems experience.,Cybersecurity Engineer,Cybersecurity; Network Security,4,False,0,easy_negative,,,,
cv_11,job_10,Go; Microservices; Distributed Systems,5,Golang backend engineer with microservices and distributed systems experience.,Data Engineer,Spark; Hadoop,3,False,0,easy_negative,,,,
cv_11,job_11,Go; Microservices; Distributed Systems,5,Golang backend engineer with microservices and distributed systems experience.,Product Manager,Product Management; Agile,5,True,0,easy_negative,,,,
cv_11,job_12,Go; Microservices; Distributed Systems,5,Golang backend engineer with microservices and distributed systems experience.,Blockchain Developer,Blockchain; Solidity,3,False,0,easy_negative,,,,
cv_11,job_13,Go; Microservices; Distributed Systems,5,Golang backend engineer with microservices and distributed systems experience.,UI/UX Designer,UI/UX; Figma,2,True,0,easy_negative,,,,
cv_11,job_15,Go; Microservices; Distributed Systems,5,Golang backend engineer with microservices and distributed systems experience.,Business Intelligence Analyst,SQL; Power BI,2,True,0,easy_negative,,,,
cv_12,job_02,Python; NLP; Transformers,4,NLP engineer experienced in transformer-based language models.,Frontend Developer,React; JavaScript,1,True,0,easy_negative,,,,
cv_12,job_03,Python; NLP; Transformers,4,NLP engineer experienced in transformer-based language models.,Backend Engineer,Java; Spring Boot,3,False,0,easy_negative,,,,
cv_12,job_05,Python; NLP; Transformers,4,NLP engineer experienced in transformer-based language models.,DevOps Engineer,Docker; Kubernetes,4,False,0,easy_negative,,,,
cv_12,job_07,Python; NLP; Transformers,4,NLP engineer experienced in transformer-based language models.,Cloud Architect,AWS; Terraform,5,False,0,easy_negative,,,,
cv_12,job_08,Python; NLP; Transformers,4,NLP engineer experienced in transformer-based language models.,Mobile Developer,React Native; Mobile Development,2,True,0,easy_negative,,,,
cv_12,job_09,Python; NLP; Transformers,4,NLP engineer experienced in transformer-based language models.,Cybersecurity Engineer,Cybersecurity; Network Security,4,False,0,easy_negative,,,,
cv_12,job_10,Python; NLP; Transformers,4,NLP engineer experienced in transformer-based language models.,Data Engineer,Spark; Hadoop,3,False,0,easy_negative,,,,
cv_12,job_11,Python; NLP; Transformers,4,NLP engineer experienced in transformer-based language models.,Product Manager,Product Management; Agile,5,True,0,easy_negative,,,,
cv_12,job_12,Python; NLP; Transformers,4,NLP engineer experienced in transformer-based language models.,Blockchain Developer,Blockchain; Solidity,3,False,0,easy_negative,,,,
cv_12,job_13,Python; NLP; Transformers,4,NLP engineer experienced in transformer-based language models.,UI/UX Designer,UI/UX; Figma,2,True,0,easy_negative,,,,
cv_12,job_14,Python; NLP; Transformers,4,NLP engineer experienced in transformer-based language models.,Systems Engineer,C++; System Design,3,False,0,easy_negative,,,,
cv_12,job_15,Python; NLP; Transformers,4,NLP engineer experienced in transformer-based language models.,Business Intelligence Analyst,SQL; Power BI,2,True,0,easy_negative,,,,
cv_13,job_01,Angular; TypeScript; Frontend Development,3,Frontend engineer skilled in Angular and TypeScript.,Machine Learning Engineer,Python; Machine Learning; TensorFlow,2,True,0,easy_negative,,,,
cv_13,job_03,Angular; TypeScript; Frontend Development,3,Frontend engineer skilled in Angular and TypeScript.,Backend Engineer,Java; Spring Boot,3,False,0,easy_negative,,,,
cv_13,job_04,Angular; TypeScript; Frontend Development,3,Frontend engineer skilled in Angular and TypeScript.,Data Analyst,Python; Pandas,1,True,0,easy_negative,,,,
cv_13,job_05,Angular; TypeScript; Frontend Development,3,Frontend engineer skilled in Angular and TypeScript.,DevOps Engineer,Docker; Kubernetes,4,False,0,easy_negative,,,,
cv_13,job_06,Angular; TypeScript; Frontend Development,3,Frontend engineer skilled in Angular and TypeScript.,NLP Engineer,Python; NLP; Transformers,3,True,0,easy_negative,,,,
cv_13,job_07,Angular; TypeScript; Frontend Development,3,Frontend engineer skilled in Angular and TypeScript.,Cloud Architect,AWS; Terraform,5,False,0,easy_negative,,,,
cv_13,job_08,Angular; TypeScript; Frontend Development,3,Frontend engineer skilled in Angular and TypeScript.,Mobile Developer,React Native; Mobile Development,2,True,0,easy_negative,,,,
cv_13,job_09,Angular; TypeScript; Frontend Development,3,Frontend engineer skilled in Angular and TypeScript.,Cybersecurity Engineer,Cybersecurity; Network Security,4,False,0,easy_negative,,,,
cv_13,job_10,Angular; TypeScript; Frontend Development,3,Frontend engineer skilled in Angular and TypeScript.,Data Engineer,Spark; Hadoop,3,False,0,easy_negative,,,,
cv_13,job_11,Angular; TypeScript; Frontend Development,3,Frontend engineer skilled in Angular and TypeScript.,Product Manager,Product Management; Agile,5,True,0,easy_negative,,,,
cv_13,job_12,Angular; TypeScript; Frontend Development,3,Frontend engineer skilled in Angular and TypeScript.,Blockchain Developer,Blockchain; Solidity,3,False,0,easy_negative,,,,
cv_13,job_13,Angular; TypeScript; Frontend Development,3,Frontend engineer skilled in Angular and TypeScript.,UI/UX Designer,UI/UX; Figma,2,True,0,easy_negative,,,,
cv_13,job_14,Angular; TypeScript; Frontend Development,3,Frontend engineer skilled in Angular and TypeScript.,Systems Engineer,C++; System Design,3,False,0,easy_negative,,,,
cv_13,job_15,Angular; TypeScript; Frontend Development,3,Frontend engineer skilled in Angular and TypeScript.,Business Intelligence Analyst,SQL; Power BI,2,True,0,easy_negative,,,,
cv_14,job_02,Python; Statistics; Machine Learning,2,Junior ML engineer with strong statistical background.,Frontend Developer,React; JavaScript,1,True,0,easy_negative,,,,
cv_14,job_03,Python; Statistics; Machine Learning,2,Junior ML engineer with strong statistical background.,Backend Engineer,Java; Spring Boot,3,False,0,easy_negative,,,,
cv_14,job_05,Python; Statistics; Machine Learning,2,Junior ML engineer with strong statistical background.,DevOps Engineer,Docker; Kubernetes,4,False,0,easy_negative,,,,
cv_14,job_07,Python; Statistics; Machine Learning,2,Junior ML engineer with strong statistical background.,Cloud Architect,AWS; Terraform,5,False,0,easy_negative,,,,
cv_14,job_08,Python; Statistics; Machine Learning,2,Junior ML engineer with strong statistical background.,Mobile Developer,React Native; Mobile Development,2,True,0,easy_negative,,,,
cv_14,job_09,Python; Statistics; Machine Learning,2,Junior ML engineer with strong statistical background.,Cybersecurity Engineer,Cybersecurity; Network Security,4,False,0,easy_negative,,,,
cv_14,job_10,Python; Statistics; Machine Learning,2,Junior ML engineer with strong statistical background.,Data Engineer,Spark; Hadoop,3,False,0,easy_negative,,,,
cv_14,job_11,Python; Statistics; Machine Learning,2,Junior ML engineer with strong statistical background.,Product Manager,Product Management; Agile,5,True,0,easy_negative,,,,
cv_14,job_12,Python; Statistics; Machine Learning,2,Junior ML engineer with strong statistical background.,Blockchain Developer,Blockchain; Solidity,3,False,0,easy_negative,,,,
cv_14,job_13,Python; Statistics; Machine Learning,2,Junior ML engineer with strong statistical background.,UI/UX Designer,UI/UX; Figma,2,True,0,easy_negative,,,,
cv_14,job_14,Python; Statistics; Machine Learning,2,Junior ML engineer with strong statistical background.,Systems Engineer,C++; System Design,3,False,0,easy_negative,,,,
cv_14,job_15,Python; Statistics; Machine Learning,2,Junior ML engineer with strong statistical background.,Business Intelligence Analyst,SQL; Power BI,2,True,0,easy_negative,,,,
cv_15,job_01,C++; Algorithms; System Design,4,Systems engineer experienced in C++ and scalable system design.,Machine Learning Engineer,Python; Machine Learning; TensorFlow,2,True,0,easy_negative,,,,
cv_15,job_02,C++; Algorithms; System Design,4,Systems engineer experienced in C++ and scalable system design.,Frontend Developer,React; JavaScript,1,True,0,easy_negative,,,,
cv_15,job_03,C++; Algorithms; System Design,4,Systems engineer experienced in C++ and scalable system design.,Backend Engineer,Java; Spring Boot,3,False,0,easy_negative,,,,
cv_15,job_04,C++; Algorithms; System Design,4,Systems engineer experienced in C++ and scalable system design.,Data Analyst,Python; Pandas,1,True,0,easy_negative,,,,
cv_15,job_05,C++; Algorithms; System Design,4,Systems engineer experienced in C++ and scalable system design.,DevOps Engineer,Docker; Kubernetes,4,False,0,easy_negative,,,,
cv_15,job_06,C++; Algorithms; System Design,4,Systems engineer experienced in C++ and scalable system design.,NLP Engineer,Python; NLP; Transformers,3,True,0,easy_negative,,,,
cv_15,job_07,C++; Algorithms; System Design,4,Systems engineer experienced in C++ and scalable system design.,Cloud Architect,AWS; Terraform,5,False,0,easy_negative,,,,
cv_15,job_08,C++; Algorithms; System Design,4,Systems engineer experienced in C++ and scalable system design.,Mobile Developer,React Native; Mobile Development,2,True,0,easy_negative,,,,
cv_15,job_09,C++; Algorithms; System Design,4,Systems engineer experienced in C++ and scalable system design.,Cybersecurity Engineer,Cybersecurity; Network Security,4,False,0,easy_negative,,,,
cv_15,job_10,C++; Algorithms; System Design,4,Systems engineer experienced in C++ and scalable system design.,Data Engineer,Spark; Hadoop,3,False,0,easy_negative,,,,
cv_15,job_11,C++; Algorithms; System Design,4,Systems engineer experienced in C++ and scalable system design.,Product Manager,Product Management; Agile,5,True,0,easy_negative,,,,
cv_15,job_12,C++; Algorithms; System Design,4,Systems engineer experienced in C++ and scalable system design.,Blockchain Developer,Blockchain; Solidity,3,False,0,easy_negative,,,,
cv_15,job_13,C++; Algorithms; System Design,4,Systems engineer experienced in C++ and scalable system design.,UI/UX Designer,UI/UX; Figma,2,True,0,easy_negative,,,,
cv_15,job_15,C++; Algorithms; System Design,4,Systems engineer experienced in C++ and scalable system design.,Business Intelligence Analyst,SQL; Power BI,2,True,0,easy_negative,,,,
cv_16,job_01,React Native; Mobile Development,3,Mobile app developer specializing in React Native.,Machine Learning Engineer,Python; Machine Learning; TensorFlow,2,True,0,easy_negative,,,,
cv_16,job_03,React Native; Mobile Development,3,Mobile app developer specializing in React Native.,Backend Engineer,Java; Spring Boot,3,False,0,easy_negative,,,,
cv_16,job_04,React Native; Mobile Development,3,Mobile app developer specializing in React Native.,Data Analyst,Python; Pandas,1,True,0,easy_negative,,,,
cv_16,job_05,React Native; Mobile Development,3,Mobile app developer specializing in React Native.,DevOps Engineer,Docker; Kubernetes,4,False,0,easy_negative,,,,
cv_16,job_06,React Native; Mobile Development,3,Mobile app developer specializing in React Native.,NLP Engineer,Python; NLP; Transformers,3,True,0,easy_negative,,,,
cv_16,job_07,React Native; Mobile Development,3,Mobile app developer specializing in React Native.,Cloud Architect,AWS; Terraform,5,False,0,easy_negative,,,,
cv_16,job_09,React Native; Mobile Development,3,Mobile app developer specializing in React Native.,Cybersecurity Engineer,Cybersecurity; Network Security,4,False,0,easy_negative,,,,
cv_16,job_10,React Native; Mobile Development,3,Mobile app developer specializing in React Native.,Data Engineer,Spark; Hadoop,3,False,0,easy_negative,,,,
cv_16,job_11,React Native; Mobile Development,3,Mobile app developer specializing in React Native.,Product Manager,Product Management; Agile,5,True,0,easy_negative,,,,
cv_16,job_12,React Native; Mobile Development,3,Mobile app developer specializing in React Native.,Blockchain Developer,Blockchain; Solidity,3,False,0,easy_negative,,,,
cv_16,job_13,React Native; Mobile Development,3,Mobile app developer specializing in React Native.,UI/UX Designer,UI/UX; Figma,2,True,0,easy_negative,,,,
cv_16,job_14,React Native; Mobile Development,3,Mobile app developer specializing in React Native.,Systems Engineer,C++; System Design,3,False,0,easy_negative,,,,
cv_16,job_15,React Native; Mobile Development,3,Mobile app developer specializing in React Native.,Business Intelligence Analyst,SQL; Power BI,2,True,0,easy_negative,,,,
cv_17,job_01,Kubernetes; AWS; CI/CD,4,Cloud DevOps engineer with Kubernetes and AWS experience.,Machine Learning Engineer,Python; Machine Learning; TensorFlow,2,True,0,easy_negative,,,,
cv_17,job_02,Kubernetes; AWS; CI/CD,4,Cloud DevOps engineer with Kubernetes and AWS experience.,Frontend Developer,React; JavaScript,1,True,0,easy_negative,,,,
cv_17,job_03,Kubernetes; AWS; CI/CD,4,Cloud DevOps engineer with Kubernetes and AWS experience.,Backend Engineer,Java; Spring Boot,3,False,0,easy_negative,,,,
cv_17,job_04,Kubernetes; AWS; CI/CD,4,Cloud DevOps engineer with Kubernetes and AWS experience.,Data Analyst,Python; Pandas,1,True,0,easy_negative,,,,
cv_17,job_06,Kubernetes; AWS; CI/CD,4,Cloud DevOps engineer with Kubernetes and AWS experience.,NLP Engineer,Python; NLP; Transformers,3,True,0,easy_negative,,,,
cv_17,job_08,Kubernetes; AWS; CI/CD,4,Cloud DevOps engineer with Kubernetes and AWS experience.,Mobile Developer,React Native; Mobile Development,2,True,0,easy_negative,,,,
cv_17,job_09,Kubernetes; AWS; CI/CD,4,Cloud DevOps engineer with Kubernetes and AWS experience.,Cybersecurity Engineer,Cybersecurity; Network Security,4,False,0,easy_negative,,,,
cv_17,job_10,Kubernetes; AWS; CI/CD,4,Cloud DevOps engineer with Kubernetes and AWS experience.,Data Engineer,Spark; Hadoop,3,False,0,easy_negative,,,,
cv_17,job_11,Kubernetes; AWS; CI/CD,4,Cloud DevOps engineer with Kubernetes and AWS experience.,Product Manager,Product Management; Agile,5,True,0,easy_negative,,,,
cv_17,job_12,Kubernetes; AWS; CI/CD,4,Cloud DevOps engineer with Kubernetes and AWS experience.,Blockchain Developer,Blockchain; Solidity,3,False,0,easy_negative,,,,
cv_17,job_13,Kubernetes; AWS; CI/CD,4,Cloud DevOps engineer with Kubernetes and AWS experience.,UI/UX Designer,UI/UX; Figma,2,True,0,easy_negative,,,,
cv_17,job_14,Kubernetes; AWS; CI/CD,4,Cloud DevOps engineer with Kubernetes and AWS experience.,Systems Engineer,C++; System Design,3,False,0,easy_negative,,,,
cv_17,job_15,Kubernetes; AWS; CI/CD,4,Cloud DevOps engineer with Kubernetes and AWS experience.,Business Intelligence Analyst,SQL; Power BI,2,True,0,easy_negative,,,,
cv_18,job_02,Data Science; Python; Scikit-learn,3,Data scientist experienced in predictive modeling.,Frontend Developer,React; JavaScript,1,True,0,easy_negative,,,,
cv_18,job_03,Data Science; Python; Scikit-learn,3,Data scientist experienced in predictive modeling.,Backend Engineer,Java; Spring Boot,3,False,0,easy_negative,,,,
cv_18,job_05,Data Science; Python; Scikit-learn,3,Data scientist experienced in predictive modeling.,DevOps Engineer,Docker; Kubernetes,4,False,0,easy_negative,,,,
cv_18,job_07,Data Science; Python; Scikit-learn,3,Data scientist experienced in predictive modeling.,Cloud Architect,AWS; Terraform,5,False,0,easy_negative,,,,
cv_18,job_08,Data Science; Python; Scikit-learn,3,Data scientist experienced in predictive modeling.,Mobile Developer,React Native; Mobile Development,2,True,0,easy_negative,,,,
cv_18,job_09,Data Science; Python; Scikit-learn,3,Data scientist experienced in predictive modeling.,Cybersecurity Engineer,Cybersecurity; Network Security,4,False,0,easy_negative,,,,
cv_18,job_10,Data Science; Python; Scikit-learn,3,Data scientist experienced in predictive modeling.,Data Engineer,Spark; Hadoop,3,False,0,easy_negative,,,,
cv_18,job_11,Data Science; Python; Scikit-learn,3,Data scientist experienced in predictive modeling.,Product Manager,Product Management; Agile,5,True,0,easy_negative,,,,
cv_18,job_12,Data Science; Python; Scikit-learn,3,Data scientist experienced in predictive modeling.,Blockchain Developer,Blockchain; Solidity,3,False,0,easy_negative,,,,
cv_18,job_13,Data Science; Python; Scikit-learn,3,Data scientist experienced in predictive modeling.,UI/UX Designer,UI/UX; Figma,2,True,0,easy_negative,,,,
cv_18,job_14,Data Science; Python; Scikit-learn,3,Data scientist experienced in predictive modeling.,Systems Engineer,C++; System Design,3,False,0,easy_negative,,,,
cv_18,job_15,Data Science; Python; Scikit-learn,3,Data scientist experienced in predictive modeling.,Business Intelligence Analyst,SQL; Power BI,2,True,0,easy_negative,,,,
cv_19,job_01,Cybersecurity; Network Security; Penetration Testing,5,Cybersecurity specialist focused on network security and threat analysis.,Machine Learning Engineer,Python; Machine Learning; TensorFlow,2,True,0,easy_negative,,,,
cv_19,job_02,Cybersecurity; Network Security; Penetration Testing,5,Cybersecurity specialist focused on network security and threat analysis.,Frontend Developer,React; JavaScript,1,True,0,easy_negative,,,,
cv_19,job_03,Cybersecurity; Network Security; Penetration Testing,5,Cybersecurity specialist focused on network security and threat analysis.,Backend Engineer,Java; Spring Boot,3,False,0,easy_negative,,,,
cv_19,job_04,Cybersecurity; Network Security; Penetration Testing,5,Cybersecurity specialist focused on network security and threat analysis.,Data Analyst,Python; Pandas,1,True,0,easy_negative,,,,
cv_19,job_05,Cybersecurity; Network Security; Penetration Testing,5,Cybersecurity specialist focused on network security and threat analysis.,DevOps Engineer,Docker; Kubernetes,4,False,0,easy_negative,,,,
cv_19,job_06,Cybersecurity; Network Security; Penetration Testing,5,Cybersecurity specialist focused on network security and threat analysis.,NLP Engineer,Python; NLP; Transformers,3,True,0,easy_negative,,,,
cv_19,job_07,Cybersecurity; Network Security; Penetration Testing,5,Cybersecurity specialist focused on network security and threat analysis.,Cloud Architect,AWS; Terraform,5,False,0,easy_negative,,,,
cv_19,job_08,Cybersecurity; Network Security; Penetration Testing,5,Cybersecurity specialist focused on network security and threat analysis.,Mobile Developer,React Native; Mobile Development,2,True,0,easy_negative,,,,
cv_19,job_10,Cybersecurity; Network Security; Penetration Testing,5,Cybersecurity specialist focused on network security and threat analysis.,Data Engineer,Spark; Hadoop,3,False,0,easy_negative,,,,
cv_19,job_11,Cybersecurity; Network Security; Penetration Testing,5,Cybersecurity specialist focused on network security and threat analysis.,Product Manager,Product Management; Agile,5,True,0,easy_negative,,,,
cv_19,job_12,Cybersecurity; Network Security; Penetration Testing,5,Cybersecurity specialist focused on network security and threat analysis.,Blockchain Developer,Blockchain; Solidity,3,False,0,easy_negative,,,,
cv_19,job_13,Cybersecurity; Network Security; Penetration Testing,5,Cybersecurity specialist focused on network security and threat analysis.,UI/UX Designer,UI/UX; Figma,2,True,0,easy_negative,,,,
cv_19,job_14,Cybersecurity; Network Security; Penetration Testing,5,Cybersecurity specialist focused on network security and threat analysis.,Systems Engineer,C++; System Design,3,False,0,easy_negative,,,,
cv_19,job_15,Cybersecurity; Network Security; Penetration Testing,5,Cybersecurity specialist focused on network security and threat analysis.,Business Intelligence Analyst,SQL; Power BI,2,True,0,easy_negative,,,,
cv_20,job_01,Product Management; Agile; Roadmapping,6,Product manager experienced in agile development and roadmap planning.,Machine Learning Engineer,Python; Machine Learning; TensorFlow,2,True,0,easy_negative,,,,
cv_20,job_02,Product Management; Agile; Roadmapping,6,Product manager experienced in agile development and roadmap planning.,Frontend Developer,React; JavaScript,1,True,0,easy_negative,,,,
cv_20,job_03,Product Management; Agile; Roadmapping,6,Product manager experienced in agile development and roadmap planning.,Backend Engineer,Java; Spring Boot,3,False,0,easy_negative,,,,
cv_20,job_04,Product Management; Agile; Roadmapping,6,Product manager experienced in agile development and roadmap planning.,Data Analyst,Python; Pandas,1,True,0,easy_negative,,,,
cv_20,job_05,Product Management; Agile; Roadmapping,6,Product manager experienced in agile development and roadmap planning.,DevOps Engineer,Docker; Kubernetes,4,False,0,easy_negative,,,,
cv_20,job_06,Product Management; Agile; Roadmapping,6,Product manager experienced in agile development and roadmap planning.,NLP Engineer,Python; NLP; Transformers,3,True,0,easy_negative,,,,
cv_20,job_07,Product Management; Agile; Roadmapping,6,Product manager experienced in agile development and roadmap planning.,Cloud Architect,AWS; Terraform,5,False,0,easy_negative,,,,
cv_20,job_08,Product Management; Agile; Roadmapping,6,Product manager experienced in agile development and roadmap planning.,Mobile Developer,React Native; Mobile Development,2,True,0,easy_negative,,,,
cv_20,job_09,Product Management; Agile; Roadmapping,6,Product manager experienced in agile development and roadmap planning.,Cybersecurity Engineer,Cybersecurity; Network Security,4,False,0,easy_negative,,,,
cv_20,job_10,Product Management; Agile; Roadmapping,6,Product manager experienced in agile development and roadmap planning.,Data Engineer,Spark; Hadoop,3,False,0,easy_negative,,,,
cv_20,job_12,Product Management; Agile; Roadmapping,6,Product manager experienced in agile development and roadmap planning.,Blockchain Developer,Blockchain; Solidity,3,False,0,easy_negative,,,,
cv_20,job_13,Product Management; Agile; Roadmapping,6,Product manager experienced in agile development and roadmap planning.,UI/UX Designer,UI/UX; Figma,2,True,0,easy_negative,,,,
cv_20,job_14,Product Management; Agile; Roadmapping,6,Product manager experienced in agile development and roadmap planning.,Systems Engineer,C++; System Design,3,False,0,easy_negative,,,,
cv_20,job_15,Product Management; Agile; Roadmapping,6,Product manager experienced in agile development and roadmap planning.,Business Intelligence Analyst,SQL; Power BI,2,True,0,easy_negative,,,,
cv_21,job_02,Python; Flask; Backend Development,2,Backend developer experienced in Flask and REST APIs.,Frontend Developer,React; JavaScript,1,True,0,easy_negative,,,,
cv_21,job_03,Python; Flask; Backend Development,2,Backend developer experienced in Flask and REST APIs.,Backend Engineer,Java; Spring Boot,3,False,0,easy_negative,,,,
cv_21,job_05,Python; Flask; Backend Development,2,Backend developer experienced in Flask and REST APIs.,DevOps Engineer,Docker; Kubernetes,4,False,0,easy_negative,,,,
cv_21,job_07,Python; Flask; Backend Development,2,Backend developer experienced in Flask and REST APIs.,Cloud Architect,AWS; Terraform,5,False,0,easy_negative,,,,
cv_21,job_08,Python; Flask; Backend Development,2,Backend developer experienced in Flask and REST APIs.,Mobile Developer,React Native; Mobile Development,2,True,0,easy_negative,,,,
cv_21,job_09,Python; Flask; Backend Development,2,Backend developer experienced in Flask and REST APIs.,Cybersecurity Engineer,Cybersecurity; Network Security,4,False,0,easy_negative,,,,
cv_21,job_10,Python; Flask; Backend Development,2,Backend developer experienced in Flask and REST APIs.,Data Engineer,Spark; Hadoop,3,False,0,easy_negative,,,,
cv_21,job_11,Python; Flask; Backend Development,2,Backend developer experienced in Flask and REST APIs.,Product Manager,Product Management; Agile,5,True,0,easy_negative,,,,
cv_21,job_12,Python; Flask; Backend Development,2,Backend developer experienced in Flask and REST APIs.,Blockchain Developer,Blockchain; Solidity,3,False,0,easy_negative,,,,
cv_21,job_13,Python; Flask; Backend Development,2,Backend developer experienced in Flask and REST APIs.,UI/UX Designer,UI/UX; Figma,2,True,0,easy_negative,,,,
cv_21,job_14,Python; Flask; Backend Development,2,Backend developer experienced in Flask and REST APIs.,Systems Engineer,C++; System Design,3,False,0,easy_negative,,,,
cv_21,job_15,Python; Flask; Backend Development,2,Backend developer experienced in Flask and REST APIs.,Business Intelligence Analyst,SQL; Power BI,2,True,0,easy_negative,,,,
cv_22,job_01,Tableau; Data Analytics; SQL,3,Data analyst skilled in Tableau dashboards and SQL queries.,Machine Learning Engineer,Python; Machine Learning; TensorFlow,2,True,0,easy_negative,,,,
cv_22,job_02,Tableau; Data Analytics; SQL,3,Data analyst skilled in Tableau dashboards and SQL queries.,Frontend Developer,React; JavaScript,1,True,0,easy_negative,,,,
cv_22,job_03,Tableau; Data Analytics; SQL,3,Data analyst skilled in Tableau dashboards and SQL queries.,Backend Engineer,Java; Spring Boot,3,False,0,easy_negative,,,,
cv_22,job_05,Tableau; Data Analytics; SQL,3,Data analyst skilled in Tableau dashboards and SQL queries.,DevOps Engineer,Docker; Kubernetes,4,False,0,easy_negative,,,,
cv_22,job_06,Tableau; Data Analytics; SQL,3,Data analyst skilled in Tableau dashboards and SQL queries.,NLP Engineer,Python; NLP; Transformers,3,True,0,easy_negative,,,,
cv_22,job_07,Tableau; Data Analytics; SQL,3,Data analyst skilled in Tableau dashboards and SQL queries.,Cloud Architect,AWS; Terraform,5,False,0,easy_negative,,,,
cv_22,job_08,Tableau; Data Analytics; SQL,3,Data analyst skilled in Tableau dashboards and SQL queries.,Mobile Developer,React Native; Mobile Development,2,True,0,easy_negative,,,,
cv_22,job_09,Tableau; Data Analytics; SQL,3,Data analyst skilled in Tableau dashboards and SQL queries.,Cybersecurity Engineer,Cybersecurity; Network Security,4,False,0,easy_negative,,,,
cv_22,job_10,Tableau; Data Analytics; SQL,3,Data analyst skilled in Tableau dashboards and SQL queries.,Data Engineer,Spark; Hadoop,3,False,0,easy_negative,,,,
cv_22,job_11,Tableau; Data Analytics; SQL,3,Data analyst skilled in Tableau dashboards and SQL queries.,Product Manager,Product Management; Agile,5,True,0,easy_negative,,,,
cv_22,job_12,Tableau; Data Analytics; SQL,3,Data analyst skilled in Tableau dashboards and SQL queries.,Blockchain Developer,Blockchain; Solidity,3,False,0,easy_negative,,,,
cv_22,job_13,Tableau; Data Analytics; SQL,3,Data analyst skilled in Tableau dashboards and SQL queries.,UI/UX Designer,UI/UX; Figma,2,True,0,easy_negative,,,,
cv_22,job_14,Tableau; Data Analytics; SQL,3,Data analyst skilled in Tableau dashboards and SQL queries.,Systems Engineer,C++; System Design,3,False,0,easy_negative,,,,
cv_23,job_01,Android; Kotlin; Mobile Development,4,Android developer with strong Kotlin experience.,Machine Learning Engineer,Python; Machine Learning; TensorFlow,2,True,0,easy_negative,,,,
cv_23,job_02,Android; Kotlin; Mobile Development,4,Android developer with strong Kotlin experience.,Frontend Developer,React; JavaScript,1,True,0,easy_negative,,,,
cv_23,job_03,Android; Kotlin; Mobile Development,4,Android developer with strong Kotlin experience.,Backend Engineer,Java; Spring Boot,3,False,0,easy_negative,,,,
cv_23,job_04,Android; Kotlin; Mobile Development,4,Android developer with strong Kotlin experience.,Data Analyst,Python; Pandas,1,True,0,easy_negative,,,,
cv_23,job_05,Android; Kotlin; Mobile Development,4,Android developer with strong Kotlin experience.,DevOps Engineer,Docker; Kubernetes,4,False,0,easy_negative,,,,
cv_23,job_06,Android; Kotlin; Mobile Development,4,Android developer with strong Kotlin experience.,NLP Engineer,Python; NLP; Transformers,3,True,0,easy_negative,,,,
cv_23,job_07,Android; Kotlin; Mobile Development,4,Android developer with strong Kotlin experience.,Cloud Architect,AWS; Terraform,5,False,0,easy_negative,,,,
cv_23,job_09,Android; Kotlin; Mobile Development,4,Android developer with strong Kotlin experience.,Cybersecurity Engineer,Cybersecurity; Network Security,4,False,0,easy_negative,,,,
cv_23,job_10,Android; Kotlin; Mobile Development,4,Android developer with strong Kotlin experience.,Data Engineer,Spark; Hadoop,3,False,0,easy_negative,,,,
cv_23,job_11,Android; Kotlin; Mobile Development,4,Android developer with strong Kotlin experience.,Product Manager,Product Management; Agile,5,True,0,easy_negative,,,,
cv_23,job_12,Android; Kotlin; Mobile Development,4,Android developer with strong Kotlin experience.,Blockchain Developer,Blockchain; Solidity,3,False,0,easy_negative,,,,
cv_23,job_13,Android; Kotlin; Mobile Development,4,Android developer with strong Kotlin experience.,UI/UX Designer,UI/UX; Figma,2,True,0,easy_negative,,,,
cv_23,job_14,Android; Kotlin; Mobile Development,4,Android developer with strong Kotlin experience.,Systems Engineer,C++; System Design,3,False,0,easy_negative,,,,
cv_23,job_15,Android; Kotlin; Mobile Development,4,Android developer with strong Kotlin experience.,Business Intelligence Analyst,SQL; Power BI,2,True,0,easy_negative,,,,
cv_24,job_02,Deep Learning; Computer Vision; PyTorch,3,Computer vision engineer with PyTorch expertise.,Frontend Developer,React; JavaScript,1,True,0,easy_negative,,,,
cv_24,job_03,Deep Learning; Computer Vision; PyTorch,3,Computer vision engineer with PyTorch expertise.,Backend Engineer,Java; Spring Boot,3,False,0,easy_negative,,,,
cv_24,job_04,Deep Learning; Computer Vision; PyTorch,3,Computer vision engineer with PyTorch expertise.,Data Analyst,Python; Pandas,1,True,0,easy_negative,,,,
cv_24,job_05,Deep Learning; Computer Vision; PyTorch,3,Computer vision engineer with PyTorch expertise.,DevOps Engineer,Docker; Kubernetes,4,False,0,easy_negative,,,,
cv_24,job_07,Deep Learning; Computer Vision; PyTorch,3,Computer vision engineer with PyTorch expertise.,Cloud Architect,AWS; Terraform,5,False,0,easy_negative,,,,
cv_24,job_08,Deep Learning; Computer Vision; PyTorch,3,Computer vision engineer with PyTorch expertise.,Mobile Developer,React Native; Mobile Development,2,True,0,easy_negative,,,,
cv_24,job_09,Deep Learning; Computer Vision; PyTorch,3,Computer vision engineer with PyTorch expertise.,Cybersecurity Engineer,Cybersecurity; Network Security,4,False,0,easy_negative,,,,
cv_24,job_10,Deep Learning; Computer Vision; PyTorch,3,Computer vision engineer with PyTorch expertise.,Data Engineer,Spark; Hadoop,3,False,0,easy_negative,,,,
cv_24,job_11,Deep Learning; Computer Vision; PyTorch,3,Computer vision engineer with PyTorch expertise.,Product Manager,Product Management; Agile,5,True,0,easy_negative,,,,
cv_24,job_12,Deep Learning; Computer Vision; PyTorch,3,Computer vision engineer with PyTorch expertise.,Blockchain Developer,Blockchain; Solidity,3,False,0,easy_negative,,,,
cv_24,job_13,Deep Learning; Computer Vision; PyTorch,3,Computer vision engineer with PyTorch expertise.,UI/UX Designer,UI/UX; Figma,2,True,0,easy_negative,,,,
cv_24,job_14,Deep Learning; Computer Vision; PyTorch,3,Computer vision engineer with PyTorch expertise.,Systems Engineer,C++; System Design,3,False,0,easy_negative,,,,
cv_24,job_15,Deep Learning; Computer Vision; PyTorch,3,Computer vision engineer with PyTorch expertise.,Business Intelligence Analyst,SQL; Power BI,2,True,0,easy_negative,,,,
cv_25,job_01,Blockchain; Solidity; Smart Contracts,4,Blockchain developer experienced in Solidity smart contracts.,Machine Learning Engineer,Python; Machine Learning; TensorFlow,2,True,0,easy_negative,,,,
cv_25,job_02,Blockchain; Solidity; Smart Contracts,4,Blockchain developer experienced in Solidity smart contracts.,Frontend Developer,React; JavaScript,1,True,0,easy_negative,,,,
cv_25,job_03,Blockchain; Solidity; Smart Contracts,4,Blockchain developer experienced in Solidity smart contracts.,Backend Engineer,Java; Spring Boot,3,False,0,easy_negative,,,,
cv_25,job_04,Blockchain; Solidity; Smart Contracts,4,Blockchain developer experienced in Solidity smart contracts.,Data Analyst,Python; Pandas,1,True,0,easy_negative,,,,
cv_25,job_05,Blockchain; Solidity; Smart Contracts,4,Blockchain developer experienced in Solidity smart contracts.,DevOps Engineer,Docker; Kubernetes,4,False,0,easy_negative,,,,
cv_25,job_06,Blockchain; Solidity; Smart Contracts,4,Blockchain developer experienced in Solidity smart contracts.,NLP Engineer,Python; NLP; Transformers,3,True,0,easy_negative,,,,
cv_25,job_07,Blockchain; Solidity; Smart Contracts,4,Blockchain developer experienced in Solidity smart contracts.,Cloud Architect,AWS; Terraform,5,False,0,easy_negative,,,,
cv_25,job_08,Blockchain; Solidity; Smart Contracts,4,Blockchain developer experienced in Solidity smart contracts.,Mobile Developer,React Native; Mobile Development,2,True,0,easy_negative,,,,
cv_25,job_09,Blockchain; Solidity; Smart Contracts,4,Blockchain developer experienced in Solidity smart contracts.,Cybersecurity Engineer,Cybersecurity; Network Security,4,False,0,easy_negative,,,,
cv_25,job_10,Blockchain; Solidity; Smart Contracts,4,Blockchain developer experienced in Solidity smart contracts.,Data Engineer,Spark; Hadoop,3,False,0,easy_negative,,,,
cv_25,job_11,Blockchain; Solidity; Smart Contracts,4,Blockchain developer experienced in Solidity smart contracts.,Product Manager,Product Management; Agile,5,True,0,easy_negative,,,,
cv_25,job_13,Blockchain; Solidity; Smart Contracts,4,Blockchain developer experienced in Solidity smart contracts.,UI/UX Designer,UI/UX; Figma,2,True,0,easy_negative,,,,
cv_25,job_14,Blockchain; Solidity; Smart Contracts,4,Blockchain developer experienced in Solidity smart contracts.,Systems Engineer,C++; System Design,3,False,0,easy_negative,,,,
cv_25,job_15,Blockchain; Solidity; Smart Contracts,4,Blockchain developer experienced in Solidity smart contracts.,Business Intelligence Analyst,SQL; Power BI,2,True,0,easy_negative,,,,
cv_26,job_01,Marketing Analytics; SEO; Google Analytics,3,Marketing analyst focused on SEO and performance analytics.,Machine Learning Engineer,Python; Machine Learning; TensorFlow,2,True,0,easy_negative,,,,
cv_26,job_02,Marketing Analytics; SEO; Google Analytics,3,Marketing analyst focused on SEO and performance analytics.,Frontend Developer,React; JavaScript,1,True,0,easy_negative,,,,
cv_26,job_03,Marketing Analytics; SEO; Google Analytics,3,Marketing analyst focused on SEO and performance analytics.,Backend Engineer,Java; Spring Boot,3,False,0,easy_negative,,,,
cv_26,job_04,Marketing Analytics; SEO; Google Analytics,3,Marketing analyst focused on SEO and performance analytics.,Data Analyst,Python; Pandas,1,True,0,easy_negative,,,,
cv_26,job_05,Marketing Analytics; SEO; Google Analytics,3,Marketing analyst focused on SEO and performance analytics.,DevOps Engineer,Docker; Kubernetes,4,False,0,easy_negative,,,,
cv_26,job_06,Marketing Analytics; SEO; Google Analytics,3,Marketing analyst focused on SEO and performance analytics.,NLP Engineer,Python; NLP; Transformers,3,True,0,easy_negative,,,,
cv_26,job_07,Marketing Analytics; SEO; Google Analytics,3,Marketing analyst focused on SEO and performance analytics.,Cloud Architect,AWS; Terraform,5,False,0,easy_negative,,,,
cv_26,job_08,Marketing Analytics; SEO; Google Analytics,3,Marketing analyst focused on SEO and performance analytics.,Mobile Developer,React Native; Mobile Development,2,True,0,easy_negative,,,,
cv_26,job_09,Marketing Analytics; SEO; Google Analytics,3,Marketing analyst focused on SEO and performance analytics.,Cybersecurity Engineer,Cybersecurity; Network Security,4,False,0,easy_negative,,,,
cv_26,job_10,Marketing Analytics; SEO; Google Analytics,3,Marketing analyst focused on SEO and performance analytics.,Data Engineer,Spark; Hadoop,3,False,0,easy_negative,,,,
cv_26,job_11,Marketing Analytics; SEO; Google Analytics,3,Marketing analyst focused on SEO and performance analytics.,Product Manager,Product Management; Agile,5,True,0,easy_negative,,,,
cv_26,job_12,Marketing Analytics; SEO; Google Analytics,3,Marketing analyst focused on SEO and performance analytics.,Blockchain Developer,Blockchain; Solidity,3,False,0,easy_negative,,,,
cv_26,job_13,Marketing Analytics; SEO; Google Analytics,3,Marketing analyst focused on SEO and performance analytics.,UI/UX Designer,UI/UX; Figma,2,True,0,easy_negative,,,,
cv_26,job_14,Marketing Analytics; SEO; Google Analytics,3,Marketing analyst focused on SEO and performance analytics.,Systems Engineer,C++; System Design,3,False,0,easy_negative,,,,
cv_27,job_01,Data Engineering; Spark; Hadoop,5,Data engineer experienced in Spark and big data pipelines.,Machine Learning Engineer,Python; Machine Learning; TensorFlow,2,True,0,easy_negative,,,,
cv_27,job_02,Data Engineering; Spark; Hadoop,5,Data engineer experienced in Spark and big data pipelines.,Frontend Developer,React; JavaScript,1,True,0,easy_negative,,,,
cv_27,job_03,Data Engineering; Spark; Hadoop,5,Data engineer experienced in Spark and big data pipelines.,Backend Engineer,Java; Spring Boot,3,False,0,easy_negative,,,,
cv_27,job_04,Data Engineering; Spark; Hadoop,5,Data engineer experienced in Spark and big data pipelines.,Data Analyst,Python; Pandas,1,True,0,easy_negative,,,,
cv_27,job_05,Data Engineering; Spark; Hadoop,5,Data engineer experienced in Spark and big data pipelines.,DevOps Engineer,Docker; Kubernetes,4,False,0,easy_negative,,,,
cv_27,job_06,Data Engineering; Spark; Hadoop,5,Data engineer experienced in Spark and big data pipelines.,NLP Engineer,Python; NLP; Transformers,3,True,0,easy_negative,,,,
cv_27,job_08,Data Engineering; Spark; Hadoop,5,Data engineer experienced in Spark and big data pipelines.,Mobile Developer,React Native; Mobile Development,2,True,0,easy_negative,,,,
cv_27,job_09,Data Engineering; Spark; Hadoop,5,Data engineer experienced in Spark and big data pipelines.,Cybersecurity Engineer,Cybersecurity; Network Security,4,False,0,easy_negative,,,,
cv_27,job_11,Data Engineering; Spark; Hadoop,5,Data engineer experienced in Spark and big data pipelines.,Product Manager,Product Management; Agile,5,True,0,easy_negative,,,,
cv_27,job_12,Data Engineering; Spark; Hadoop,5,Data engineer experienced in Spark and big data pipelines.,Blockchain Developer,Blockchain; Solidity,3,False,0,easy_negative,,,,
cv_27,job_13,Data Engineering; Spark; Hadoop,5,Data engineer experienced in Spark and big data pipelines.,UI/UX Designer,UI/UX; Figma,2,True,0,easy_negative,,,,
cv_27,job_14,Data Engineering; Spark; Hadoop,5,Data engineer experienced in Spark and big data pipelines.,Systems Engineer,C++; System Design,3,False,0,easy_negative,,,,
cv_27,job_15,Data Engineering; Spark; Hadoop,5,Data engineer experienced in Spark and big data pipelines.,Business Intelligence Analyst,SQL; Power BI,2,True,0,easy_negative,,,,
cv_28,job_01,HR Management; Recruitment; Talent Acquisition,6,HR professional with strong recruitment and talent acquisition background.,Machine Learning Engineer,Python; Machine Learning; TensorFlow,2,True,0,easy_negative,,,,
cv_28,job_02,HR Management; Recruitment; Talent Acquisition,6,HR professional with strong recruitment and talent acquisition background.,Frontend Developer,React; JavaScript,1,True,0,easy_negative,,,,
cv_28,job_03,HR Management; Recruitment; Talent Acquisition,6,HR professional with strong recruitment and talent acquisition background.,Backend Engineer,Java; Spring Boot,3,False,0,easy_negative,,,,
cv_28,job_04,HR Management; Recruitment; Talent Acquisition,6,HR professional with strong recruitment and talent acquisition background.,Data Analyst,Python; Pandas,1,True,0,easy_negative,,,,
cv_28,job_05,HR Management; Recruitment; Talent Acquisition,6,HR professional with strong recruitment and talent acquisition background.,DevOps Engineer,Docker; Kubernetes,4,False,0,easy_negative,,,,
cv_28,job_06,HR Management; Recruitment; Talent Acquisition,6,HR professional with strong recruitment and talent acquisition background.,NLP Engineer,Python; NLP; Transformers,3,True,0,easy_negative,,,,
cv_28,job_07,HR Management; Recruitment; Talent Acquisition,6,HR professional with strong recruitment and talent acquisition background.,Cloud Architect,AWS; Terraform,5,False,0,easy_negative,,,,
cv_28,job_08,HR Management; Recruitment; Talent Acquisition,6,HR professional with strong recruitment and talent acquisition background.,Mobile Developer,React Native; Mobile Development,2,True,0,easy_negative,,,,
cv_28,job_09,HR Management; Recruitment; Talent Acquisition,6,HR professional with strong recruitment and talent acquisition background.,Cybersecurity Engineer,Cybersecurity; Network Security,4,False,0,easy_negative,,,,
cv_28,job_10,HR Management; Recruitment; Talent Acquisition,6,HR professional with strong recruitment and talent acquisition background.,Data Engineer,Spark; Hadoop,3,False,0,easy_negative,,,,
cv_28,job_12,HR Management; Recruitment; Talent Acquisition,6,HR professional with strong recruitment and talent acquisition background.,Blockchain Developer,Blockchain; Solidity,3,False,0,easy_negative,,,,
cv_28,job_13,HR Management; Recruitment; Talent Acquisition,6,HR professional with strong recruitment and talent acquisition background.,UI/UX Designer,UI/UX; Figma,2,True,0,easy_negative,,,,
cv_28,job_14,HR Management; Recruitment; Talent Acquisition,6,HR professional with strong recruitment and talent acquisition background.,Systems Engineer,C++; System Design,3,False,0,easy_negative,,,,
cv_28,job_15,HR Management; Recruitment; Talent Acquisition,6,HR professional with strong recruitment and talent acquisition background.,Business Intelligence Analyst,SQL; Power BI,2,True,0,easy_negative,,,,
cv_29,job_01,Rust; Systems Programming; Concurrency,4,Systems programmer specializing in Rust and concurrency.,Machine Learning Engineer,Python; Machine Learning; TensorFlow,2,True,0,easy_negative,,,,
cv_29,job_02,Rust; Systems Programming; Concurrency,4,Systems programmer specializing in Rust and concurrency.,Frontend Developer,React; JavaScript,1,True,0,easy_negative,,,,
cv_29,job_03,Rust; Systems Programming; Concurrency,4,Systems programmer specializing in Rust and concurrency.,Backend Engineer,Java; Spring Boot,3,False,0,easy_negative,,,,
cv_29,job_04,Rust; Systems Programming; Concurrency,4,Systems programmer specializing in Rust and concurrency.,Data Analyst,Python; Pandas,1,True,0,easy_negative,,,,
cv_29,job_05,Rust; Systems Programming; Concurrency,4,Systems programmer specializing in Rust and concurrency.,DevOps Engineer,Docker; Kubernetes,4,False,0,easy_negative,,,,
cv_29,job_06,Rust; Systems Programming; Concurrency,4,Systems programmer specializing in Rust and concurrency.,NLP Engineer,Python; NLP; Transformers,3,True,0,easy_negative,,,,
cv_29,job_07,Rust; Systems Programming; Concurrency,4,Systems programmer specializing in Rust and concurrency.,Cloud Architect,AWS; Terraform,5,False,0,easy_negative,,,,
cv_29,job_08,Rust; Systems Programming; Concurrency,4,Systems programmer specializing in Rust and concurrency.,Mobile Developer,React Native; Mobile Development,2,True,0,easy_negative,,,,
cv_29,job_09,Rust; Systems Programming; Concurrency,4,Systems programmer specializing in Rust and concurrency.,Cybersecurity Engineer,Cybersecurity; Network Security,4,False,0,easy_negative,,,,
cv_29,job_10,Rust; Systems Programming; Concurrency,4,Systems programmer specializing in Rust and concurrency.,Data Engineer,Spark; Hadoop,3,False,0,easy_negative,,,,
cv_29,job_11,Rust; Systems Programming; Concurrency,4,Systems programmer specializing in Rust and concurrency.,Product Manager,Product Management; Agile,5,True,0,easy_negative,,,,
cv_29,job_12,Rust; Systems Programming; Concurrency,4,Systems programmer specializing in Rust and concurrency.,Blockchain Developer,Blockchain; Solidity,3,False,0,easy_negative,,,,
cv_29,job_13,Rust; Systems Programming; Concurrency,4,Systems programmer specializing in Rust and concurrency.,UI/UX Designer,UI/UX; Figma,2,True,0,easy_negative,,,,
cv_29,job_15,Rust; Systems Programming; Concurrency,4,Systems programmer specializing in Rust and concurrency.,Business Intelligence Analyst,SQL; Power BI,2,True,0,easy_negative,,,,
cv_30,job_01,UX Research; User Testing; Prototyping,3,UX researcher experienced in user testing and prototyping.,Machine Learning Engineer,Python; Machine Learning; TensorFlow,2,True,0,easy_negative,,,,
cv_30,job_02,UX Research; User Testing; Prototyping,3,UX researcher experienced in user testing and prototyping.,Frontend Developer,React; JavaScript,1,True,0,easy_negative,,,,
cv_30,job_03,UX Research; User Testing; Prototyping,3,UX researcher experienced in user testing and prototyping.,Backend Engineer,Java; Spring Boot,3,False,0,easy_negative,,,,
cv_30,job_04,UX Research; User Testing; Prototyping,3,UX researcher experienced in user testing and prototyping.,Data Analyst,Python; Pandas,1,True,0,easy_negative,,,,
cv_30,job_05,UX Research; User Testing; Prototyping,3,UX researcher experienced in user testing and prototyping.,DevOps Engineer,Docker; Kubernetes,4,False,0,easy_negative,,,,
cv_30,job_06,UX Research; User Testing; Prototyping,3,UX researcher experienced in user testing and prototyping.,NLP Engineer,Python; NLP; Transformers,3,True,0,easy_negative,,,,
cv_30,job_07,UX Research; User Testing; Prototyping,3,UX researcher experienced in user testing and prototyping.,Cloud Architect,AWS; Terraform,5,False,0,easy_negative,,,,
cv_30,job_08,UX Research; User Testing; Prototyping,3,UX researcher experienced in user testing and prototyping.,Mobile Developer,React Native; Mobile Development,2,True,0,easy_negative,,,,
cv_30,job_09,UX Research; User Testing; Prototyping,3,UX researcher experienced in user testing and prototyping.,Cybersecurity Engineer,Cybersecurity; Network Security,4,False,0,easy_negative,,,,
cv_30,job_10,UX Research; User Testing; Prototyping,3,UX researcher experienced in user testing and prototyping.,Data Engineer,Spark; Hadoop,3,False,0,easy_negative,,,,
cv_30,job_11,UX Research; User Testing; Prototyping,3,UX researcher experienced in user testing and prototyping.,Product Manager,Product Management; Agile,5,True,0,easy_negative,,,,
cv_30,job_12,UX Research; User Testing; Prototyping,3,UX researcher experienced in user testing and prototyping.,Blockchain Developer,Blockchain; Solidity,3,False,0,easy_negative,,,,
cv_30,job_14,UX Research; User Testing; Prototyping,3,UX researcher experienced in user testing and prototyping.,Systems Engineer,C++; System Design,3,False,0,easy_negative,,,,
cv_30,job_15,UX Research; User Testing; Prototyping,3,UX researcher experienced in user testing and prototyping.,Business Intelligence Analyst,SQL; Power BI,2,True,0,easy_negative,,,,
